,Unnamed: 0,ID,First_name,Last_name,State,Gender,Age,GPA,Days_missed,Graduated
0,0,1,Wayne,Boyd,Florida,Male,19.0,2.98844672657,9.0,Yes
1,1,2,Ann,Matthews,Pennsylvania,Female,18.0,3.0,18.0111386139,Yes
2,2,3,George,Matthews,Texas,Male,17.0,2.98844672657,10.0,Yes
3,3,4,Jerry,Ramos,California,Male,15.0,2.0,28.0,No
4,4,5,Andrea,Carroll,North Carolina,Female,16.9961089494,2.0,29.0,No
5,5,6,Annie,Fisher,Virginia,Female,19.0,2.98844672657,5.0,Yes
6,6,7,Stephanie,Barnes,Oklahoma,Female,16.9961089494,3.0,20.0,No
7,7,8,Janet,Jenkins,Louisiana,Female,15.0,4.0,20.0,Yes
8,8,9,Betty,Miller,,Female,17.0,3.0,23.0,No
9,9,10,Henry,Woods,Colorado,Male,19.0,4.0,14.0,Yes
10,10,11,Stephanie,Harris,,Female,16.9961089494,2.98844672657,3.0,Yes
11,11,12,Samuel,George,Georgia,Male,15.0,3.0,13.0,No
12,12,13,Todd,Phillips,Indiana,Male,16.9961089494,2.0,3.0,Yes
13,13,14,Nicholas,Rice,Florida,Male,16.9961089494,2.0,8.0,No
14,14,15,Jacqueline,Wallace,New York,Female,16.9961089494,2.0,26.0,No
15,15,16,Phyllis,Burton,Texas,Female,16.0,3.0,18.0,No
16,16,17,Sandra,Hudson,,Female,16.9961089494,4.0,20.0,Yes
17,17,18,Karen,Bell,Mississippi,Female,17.0,3.0,10.0,No
18,18,19,Lori,Patterson,New York,Female,18.0,2.98844672657,17.0,Yes
19,19,20,Ann,Banks,Pennsylvania,Female,15.0,4.0,18.0,Yes
20,20,21,Sara,Williams,,Female,17.0,2.98844672657,24.0,Yes
21,21,22,Benjamin,Butler,Connecticut,Male,18.0,2.98844672657,4.0,Yes
22,22,23,Lori,Lopez,,Female,19.0,3.0,15.0,No
23,23,24,Ryan,Porter,New York,Male,15.0,2.0,10.0,No
24,24,25,Anthony,Burke,Texas,Male,16.0,2.0,14.0,No
25,25,26,Katherine,Rodriguez,Arizona,Female,16.0,4.0,3.0,Yes
26,26,27,Harry,Larson,,Male,18.0,3.0,15.0,No
27,27,28,Joyce,Patterson,Virginia,Female,18.0,4.0,22.0,Yes
28,28,29,Jonathan,Wells,Indiana,Male,19.0,2.98844672657,20.0,Yes
29,29,30,Jesse,Hamilton,New York,Male,19.0,2.0,27.0,No
30,30,31,Susan,Evans,South Dakota,Female,15.0,2.0,29.0,No
31,31,32,Kathleen,Lee,New Jersey,Female,17.0,3.0,13.0,No
32,32,33,Steven,Cooper,Arizona,Male,18.0,2.98844672657,20.0,Yes
33,33,34,Shawn,Fisher,Indiana,Male,16.9961089494,2.0,17.0,No
34,34,35,Arthur,Campbell,Texas,Male,16.9961089494,2.98844672657,32.0,Yes
35,35,36,Harold,Flores,New Mexico,Male,19.0,2.98844672657,18.0111386139,Yes
36,36,37,Bonnie,Parker,California,Female,19.0,2.0,29.0,No
37,37,38,Doris,Holmes,California,Female,15.0,4.0,20.0,Yes
38,38,39,Anna,Bradley,Virginia,Female,19.0,4.0,18.0111386139,Yes
39,39,40,Ruth,Lopez,Ohio,Female,16.0,4.0,18.0111386139,Yes
40,40,41,Wanda,Richards,Texas,Female,16.0,2.98844672657,7.0,Yes
41,41,42,Jimmy,Kelly,Louisiana,Male,16.9961089494,2.98844672657,10.0,Yes
42,42,43,Marilyn,Marshall,New York,Female,16.9961089494,2.98844672657,18.0111386139,Yes
43,43,44,Donna,Jackson,Ohio,Female,19.0,4.0,18.0,Yes
44,44,45,Judy,Boyd,Louisiana,Female,18.0,2.98844672657,33.0,Yes
45,45,46,Irene,Johnson,Utah,Female,18.0,2.0,9.0,No
46,46,47,Frank,Ortiz,Florida,Male,16.0,2.98844672657,8.0,Yes
47,47,48,Mark,Wheeler,California,Male,16.0,2.0,13.0,No
48,48,49,Aaron,Reed,Washington,Male,16.9961089494,2.0,21.0,No
49,49,50,Christina,Little,Ohio,Female,15.0,2.98844672657,21.0,Yes
50,50,51,Diana,Ross,Texas,Female,16.9961089494,2.0,18.0111386139,Yes
51,51,52,William,Cooper,New York,Male,18.0,2.0,18.0111386139,Yes
52,52,53,Joseph,Nichols,Virginia,Male,19.0,3.0,34.0,No
53,53,54,Stephen,Bailey,Connecticut,Male,19.0,4.0,16.0,Yes
54,54,55,Harold,Powell,Tennessee,Male,16.9961089494,2.98844672657,31.0,Yes
55,55,56,Kathleen,Cole,Texas,Female,16.0,3.0,5.0,No
56,56,57,Marilyn,Simmons,South Carolina,Female,18.0,4.0,33.0,Yes
57,57,58,Susan,Roberts,Pennsylvania,Female,17.0,3.0,18.0111386139,Yes
58,58,59,Samuel,Elliott,Connecticut,Male,15.0,2.0,9.0,No
59,59,60,Irene,Collins,District of Columbia,Female,16.9961089494,3.0,9.0,No
60,60,61,Joshua,Lewis,Missouri,Male,18.0,2.98844672657,15.0,Yes
61,61,62,Raymond,Hudson,Nebraska,Male,15.0,4.0,7.0,Yes
62,62,63,Philip,Gomez,Florida,Male,18.0,2.0,7.0,No
63,63,64,Christopher,Wood,Arizona,Male,16.9961089494,3.0,32.0,No
64,64,65,Sarah,Garcia,Florida,Female,19.0,2.0,6.0,No
65,65,66,Antonio,Palmer,Missouri,Male,16.9961089494,2.0,12.0,No
66,66,67,Ralph,Jacobs,Florida,Male,18.0,2.0,14.0,No
67,67,68,Patrick,Washington,Virginia,Male,16.9961089494,2.98844672657,4.0,Yes
68,68,69,Henry,Howell,California,Male,16.9961089494,3.0,14.0,No
69,69,70,Lois,Chavez,Minnesota,Female,17.0,4.0,19.0,Yes
70,70,71,Melissa,Dunn,Massachusetts,Female,17.0,3.0,18.0111386139,Yes
71,71,72,Eric,Roberts,California,Male,18.0,2.98844672657,32.0,Yes
72,72,73,Timothy,Smith,California,Male,15.0,4.0,20.0,Yes
73,73,74,Kelly,Wheeler,New York,Female,16.0,3.0,25.0,No
74,74,75,Earl,Watson,Texas,Male,16.9961089494,2.98844672657,6.0,Yes
75,75,76,Fred,Owens,Texas,Male,16.9961089494,4.0,18.0111386139,Yes
76,76,77,Emily,Frazier,California,Female,16.0,3.0,3.0,Yes
77,77,78,James,Fowler,District of Columbia,Male,17.0,3.0,15.0,No
78,78,79,Johnny,Myers,Georgia,Male,16.9961089494,2.98844672657,16.0,Yes
79,79,80,Melissa,Harper,Kansas,Female,17.0,3.0,27.0,No
80,80,81,Joan,Reyes,California,Female,19.0,3.0,4.0,No
81,81,82,Keith,Sanchez,New York,Male,15.0,2.0,18.0111386139,Yes
82,82,83,Craig,Tucker,Indiana,Male,19.0,2.0,33.0,No
83,83,84,Judith,Nguyen,Missouri,Female,16.9961089494,4.0,13.0,Yes
84,84,85,Kenneth,Ramirez,,Male,19.0,2.98844672657,18.0,Yes
85,85,86,Margaret,Scott,North Carolina,Female,15.0,2.98844672657,19.0,Yes
86,86,87,Martha,Moreno,Kentucky,Female,19.0,2.0,18.0111386139,Yes
87,87,88,Sandra,Nguyen,,Female,16.9961089494,3.0,7.0,No
88,88,89,Albert,Willis,Utah,Male,18.0,2.98844672657,13.0,Yes
89,89,90,Shirley,Wheeler,Ohio,Female,16.9961089494,3.0,11.0,No
90,90,91,Heather,Olson,Texas,Female,16.9961089494,2.0,19.0,No
91,91,92,Lois,Hanson,Washington,Female,19.0,4.0,31.0,Yes
92,92,93,Diane,Stanley,Ohio,Female,16.0,2.98844672657,20.0,Yes
93,93,94,Jack,Williamson,Florida,Male,16.0,4.0,31.0,Yes
94,94,95,Earl,Walker,Louisiana,Male,15.0,3.0,31.0,No
95,95,96,Justin,Gardner,Nebraska,Male,16.9961089494,2.98844672657,29.0,Yes
96,96,97,Edward,Hughes,California,Male,18.0,2.0,18.0111386139,Yes
97,97,98,Lisa,Harper,Florida,Female,15.0,2.98844672657,23.0,Yes
98,98,99,Amy,Alexander,,Female,19.0,3.0,13.0,No
99,99,100,Emily,Bradley,,Female,17.0,2.98844672657,5.0,Yes
100,100,101,Diana,Evans,Texas,Female,16.9961089494,3.0,18.0111386139,Yes
101,101,102,Juan,Romero,Texas,Male,16.0,3.0,15.0,No
102,102,103,Debra,Woods,,Female,19.0,4.0,13.0,Yes
103,103,104,Donna,Cooper,Florida,Female,15.0,2.98844672657,18.0111386139,Yes
104,104,105,Jason,Wright,Virginia,Male,17.0,4.0,23.0,Yes
105,105,106,Mary,Sanchez,Michigan,Female,16.0,2.0,21.0,No
106,106,107,Steven,Welch,New York,Male,16.0,3.0,17.0,No
107,107,108,Debra,Larson,Virginia,Female,17.0,4.0,18.0111386139,Yes
108,108,109,Carlos,Gibson,Connecticut,Male,15.0,4.0,28.0,Yes
109,109,110,Janet,Johnson,Virginia,Female,17.0,2.98844672657,16.0,Yes
110,110,111,Kathryn,Welch,Colorado,Female,15.0,4.0,18.0111386139,Yes
111,111,112,Kathleen,Dixon,New York,Female,16.9961089494,2.0,6.0,No
112,112,113,Harold,Rivera,,Male,18.0,2.0,10.0,No
113,113,114,Nancy,Olson,Illinois,Female,15.0,2.98844672657,18.0111386139,Yes
114,114,115,Daniel,Jacobs,Missouri,Male,15.0,4.0,26.0,Yes
115,115,116,Eugene,Ferguson,Connecticut,Male,16.0,3.0,15.0,No
116,116,117,Johnny,Webb,South Carolina,Male,18.0,3.0,16.0,No
117,117,118,Lillian,Frazier,Nebraska,Female,15.0,4.0,21.0,Yes
118,118,119,Stephanie,Gomez,,Female,16.9961089494,3.0,31.0,No
119,119,120,Linda,Wagner,New York,Female,16.0,3.0,29.0,No
120,120,121,Carlos,Oliver,Florida,Male,16.0,2.0,33.0,No
121,121,122,Jose,Diaz,,Male,15.0,2.0,12.0,No
122,122,123,William,Sanchez,,Male,15.0,3.0,28.0,No
123,123,124,Eugene,Harper,Louisiana,Male,19.0,4.0,14.0,Yes
124,124,125,Louis,Lewis,Utah,Male,15.0,4.0,17.0,Yes
125,125,126,Janice,Watson,,Female,18.0,3.0,18.0111386139,Yes
126,126,127,Shawn,Grant,Florida,Male,15.0,2.98844672657,21.0,Yes
127,127,128,Margaret,Johnston,Texas,Female,19.0,2.0,2.0,Yes
128,128,129,Laura,Ford,Texas,Female,16.9961089494,3.0,18.0,No
129,129,130,Lillian,Perez,Colorado,Female,16.9961089494,4.0,19.0,Yes
130,130,131,Jose,Morgan,Pennsylvania,Male,19.0,2.0,8.0,No
131,131,132,Andrew,Meyer,,Male,17.0,2.0,18.0111386139,Yes
132,132,133,Joshua,Lynch,Connecticut,Male,18.0,2.98844672657,7.0,Yes
133,133,134,Sean,Sanders,New York,Male,16.0,2.0,8.0,No
134,134,135,Bruce,Williamson,Minnesota,Male,17.0,2.98844672657,18.0111386139,Yes
135,135,136,Harry,Reid,Mississippi,Male,16.9961089494,3.0,30.0,No
136,136,137,Beverly,Wallace,Colorado,Female,19.0,3.0,9.0,No
137,137,138,Elizabeth,Ryan,Washington,Female,15.0,2.98844672657,3.0,Yes
138,138,139,James,Russell,Florida,Male,19.0,2.0,29.0,No
139,139,140,Judith,Warren,,Female,17.0,3.0,31.0,No
140,140,141,Jesse,Woods,,Male,16.0,4.0,6.0,Yes
141,141,142,Lori,Alvarez,Tennessee,Female,15.0,4.0,25.0,Yes
142,142,143,Sara,Collins,Minnesota,Female,18.0,3.0,3.0,Yes
143,143,144,Nicholas,Graham,Georgia,Male,18.0,4.0,18.0111386139,Yes
144,144,145,Sara,Armstrong,Georgia,Female,16.0,2.98844672657,7.0,Yes
145,145,146,Ernest,Harper,Alaska,Male,15.0,4.0,32.0,Yes
146,146,147,Willie,Fisher,Ohio,Male,18.0,2.98844672657,7.0,Yes
147,147,148,Alan,Daniels,Minnesota,Male,17.0,3.0,7.0,No
148,148,149,Jason,Moreno,Virginia,Male,16.9961089494,4.0,16.0,Yes
149,149,150,Rose,Brooks,District of Columbia,Female,15.0,4.0,18.0111386139,Yes
150,150,151,Shawn,Green,,Male,18.0,2.98844672657,10.0,Yes
151,151,152,Fred,Henderson,Nevada,Male,19.0,3.0,20.0,No
152,152,153,Evelyn,Watson,New Jersey,Female,18.0,4.0,12.0,Yes
153,153,154,Wanda,Hawkins,Minnesota,Female,16.0,2.98844672657,30.0,Yes
154,154,155,Clarence,Baker,New York,Male,19.0,2.0,18.0111386139,Yes
155,155,156,Juan,Bradley,Kentucky,Male,19.0,2.0,14.0,No
156,156,157,Anne,Stone,New York,Female,17.0,2.0,15.0,No
157,157,158,Raymond,Davis,New Mexico,Male,16.9961089494,2.98844672657,30.0,Yes
158,158,159,Sharon,Fuller,Texas,Female,17.0,2.0,18.0111386139,Yes
159,159,160,Raymond,James,Florida,Male,15.0,3.0,28.0,No
160,160,161,Evelyn,Berry,,Female,18.0,2.0,25.0,No
161,161,162,Brandon,Bryant,Delaware,Male,16.9961089494,2.98844672657,33.0,Yes
162,162,163,Maria,Medina,Missouri,Female,15.0,3.0,32.0,No
163,163,164,Pamela,Phillips,Washington,Female,17.0,3.0,23.0,No
164,164,165,Eugene,Weaver,Washington,Male,19.0,2.0,30.0,No
165,165,166,Janet,Martin,Kansas,Female,17.0,3.0,2.0,Yes
166,166,167,Angela,Marshall,Tennessee,Female,18.0,3.0,23.0,No
167,167,168,Tina,Lopez,Nevada,Female,16.9961089494,3.0,18.0111386139,Yes
168,168,169,Matthew,Cox,District of Columbia,Male,19.0,2.0,5.0,No
169,169,170,Louise,Morales,Alaska,Female,15.0,2.0,18.0111386139,Yes
170,170,171,Annie,Oliver,District of Columbia,Female,18.0,2.98844672657,11.0,Yes
171,171,172,Gregory,Diaz,Michigan,Male,19.0,2.0,22.0,No
172,172,173,Carolyn,Matthews,Connecticut,Female,16.0,2.0,9.0,No
173,173,174,Marilyn,Martinez,Florida,Female,17.0,3.0,23.0,No
174,174,175,Carolyn,Daniels,Louisiana,Female,18.0,2.0,33.0,No
175,175,176,Larry,Ross,Tennessee,Male,17.0,4.0,18.0111386139,Yes
176,176,177,Brandon,Carpenter,Florida,Male,15.0,2.98844672657,18.0,Yes
177,177,178,Andrea,Fox,Texas,Female,16.9961089494,2.98844672657,11.0,Yes
178,178,179,Victor,Ferguson,California,Male,18.0,4.0,18.0111386139,Yes
179,179,180,Katherine,Alexander,Florida,Female,16.9961089494,3.0,28.0,No
180,180,181,John,Bailey,Virginia,Male,17.0,2.98844672657,31.0,Yes
181,181,182,Eric,Hill,Georgia,Male,15.0,4.0,18.0111386139,Yes
182,182,183,Randy,Jacobs,Florida,Male,18.0,3.0,34.0,No
183,183,184,Patricia,Welch,Nevada,Female,16.9961089494,3.0,18.0111386139,Yes
184,184,185,Tammy,Flores,,Female,16.9961089494,3.0,23.0,No
185,185,186,Mark,Meyer,South Carolina,Male,16.9961089494,3.0,8.0,No
186,186,187,Brian,Snyder,,Male,18.0,2.0,22.0,No
187,187,188,Walter,Brown,District of Columbia,Male,15.0,2.0,18.0111386139,Yes
188,188,189,Patrick,Daniels,Colorado,Male,19.0,3.0,4.0,No
189,189,190,Diane,Collins,Louisiana,Female,17.0,4.0,25.0,Yes
190,190,191,Irene,Warren,Kansas,Female,17.0,3.0,18.0111386139,Yes
191,191,192,Janet,Gibson,Tennessee,Female,19.0,4.0,18.0111386139,Yes
192,192,193,Eugene,Porter,Kentucky,Male,18.0,3.0,23.0,No
193,193,194,Amy,Sullivan,Missouri,Female,19.0,3.0,18.0111386139,Yes
194,194,195,George,Rogers,Michigan,Male,19.0,3.0,15.0,No
195,195,196,Cheryl,Simmons,Virginia,Female,16.9961089494,4.0,17.0,Yes
196,196,197,Maria,Torres,,Female,15.0,4.0,6.0,Yes
197,197,198,Jonathan,Lewis,District of Columbia,Male,15.0,2.0,18.0111386139,Yes
198,198,199,Jeremy,Dixon,Virginia,Male,15.0,2.98844672657,34.0,Yes
199,199,200,Raymond,Campbell,Texas,Male,19.0,3.0,24.0,No
200,200,201,Heather,Foster,,Female,15.0,4.0,24.0,Yes
201,201,202,Gary,Reid,Pennsylvania,Male,16.0,2.98844672657,14.0,Yes
202,202,203,Peter,Mitchell,District of Columbia,Male,19.0,3.0,15.0,No
203,203,204,Jean,Mendoza,Alabama,Female,15.0,4.0,6.0,Yes
204,204,205,Diane,Rice,Texas,Female,15.0,3.0,28.0,No
205,205,206,Shawn,Hansen,Kansas,Male,16.0,3.0,28.0,No
206,206,207,Kathryn,Harris,Texas,Female,16.0,4.0,18.0,Yes
207,207,208,Jesse,Little,Georgia,Male,16.0,2.98844672657,5.0,Yes
208,208,209,Joan,Ward,Ohio,Female,19.0,2.0,18.0111386139,Yes
209,209,210,Frances,Arnold,District of Columbia,Female,17.0,2.98844672657,18.0111386139,Yes
210,210,211,Maria,Bowman,Virginia,Female,19.0,4.0,18.0111386139,Yes
211,211,212,Robin,Perry,California,Female,15.0,4.0,2.0,Yes
212,212,213,Mary,Oliver,,Female,18.0,2.98844672657,16.0,Yes
213,213,214,Catherine,Graham,,Female,16.9961089494,2.0,6.0,No
214,214,215,Bonnie,Harris,Florida,Female,16.9961089494,2.98844672657,8.0,Yes
215,215,216,Jeremy,Wood,Nevada,Male,16.9961089494,2.0,5.0,No
216,216,217,Joan,Hamilton,Arizona,Female,15.0,2.98844672657,18.0111386139,Yes
217,217,218,Terry,Rogers,Alabama,Male,17.0,4.0,10.0,Yes
218,218,219,Kenneth,Chapman,Illinois,Male,16.0,3.0,24.0,No
219,219,220,Anne,Diaz,Texas,Female,16.0,2.0,33.0,No
220,220,221,Carol,Welch,Texas,Female,19.0,3.0,33.0,No
221,221,222,Paula,Clark,Minnesota,Female,19.0,2.0,33.0,No
222,222,223,Gary,Nichols,Florida,Male,17.0,2.98844672657,28.0,Yes
223,223,224,Jose,Snyder,,Male,18.0,2.0,17.0,No
224,224,225,Catherine,Barnes,Pennsylvania,Female,16.9961089494,2.98844672657,18.0111386139,Yes
225,225,226,Jack,Henry,Texas,Male,19.0,2.0,12.0,No
226,226,227,Terry,Thomas,Montana,Male,18.0,4.0,14.0,Yes
227,227,228,Melissa,Patterson,New York,Female,16.9961089494,4.0,17.0,Yes
228,228,229,Nancy,Bailey,Colorado,Female,15.0,2.0,31.0,No
229,229,230,Lisa,Knight,Louisiana,Female,16.9961089494,4.0,3.0,Yes
230,230,231,Jesse,Medina,Washington,Male,17.0,2.0,28.0,No
231,231,232,Harry,Holmes,South Carolina,Male,18.0,2.98844672657,13.0,Yes
232,232,233,Alan,Gonzales,Georgia,Male,16.9961089494,4.0,4.0,Yes
233,233,234,Jerry,Webb,California,Male,18.0,2.0,10.0,No
234,234,235,Juan,Ross,Florida,Male,19.0,2.0,18.0111386139,Yes
235,235,236,Amy,Gomez,New York,Female,19.0,2.98844672657,12.0,Yes
236,236,237,Patrick,Willis,Illinois,Male,17.0,2.98844672657,30.0,Yes
237,237,238,Carlos,Wallace,South Carolina,Male,16.9961089494,2.98844672657,33.0,Yes
238,238,239,Brenda,Marshall,Idaho,Female,16.9961089494,3.0,4.0,No
239,239,240,Gloria,Brooks,Texas,Female,16.0,4.0,34.0,Yes
240,240,241,Christopher,Morgan,Texas,Male,15.0,3.0,34.0,No
241,241,242,Angela,Wagner,Texas,Female,16.0,2.0,11.0,No
242,242,243,Andrew,Lopez,Connecticut,Male,16.9961089494,2.98844672657,18.0111386139,Yes
243,243,244,Matthew,Greene,Nevada,Male,16.9961089494,2.0,5.0,No
244,244,245,Earl,Lawson,Massachusetts,Male,15.0,3.0,26.0,No
245,245,246,William,Matthews,,Male,15.0,2.0,20.0,No
246,246,247,Victor,Palmer,Idaho,Male,15.0,3.0,18.0111386139,Yes
247,247,248,Phillip,Gonzalez,District of Columbia,Male,15.0,2.98844672657,18.0111386139,Yes
248,248,249,Diana,Jacobs,Florida,Female,18.0,2.0,24.0,No
249,249,250,Jerry,Sanders,Georgia,Male,19.0,3.0,6.0,No
250,250,251,Lisa,Owens,West Virginia,Female,16.0,3.0,17.0,No
251,251,252,Philip,Stone,California,Male,16.9961089494,4.0,18.0111386139,Yes
252,252,253,Frank,Vasquez,California,Male,15.0,4.0,18.0111386139,Yes
253,253,254,Eugene,Scott,Florida,Male,16.9961089494,2.0,17.0,No
254,254,255,Kathy,Lopez,Florida,Female,18.0,3.0,24.0,No
255,255,256,Justin,Wheeler,California,Male,15.0,4.0,23.0,Yes
256,256,257,Tina,Schmidt,North Carolina,Female,15.0,3.0,12.0,No
257,257,258,Ronald,Thomas,Florida,Male,15.0,2.0,20.0,No
258,258,259,Michelle,Bradley,District of Columbia,Female,16.0,2.98844672657,32.0,Yes
259,259,260,Andrea,Warren,Florida,Female,18.0,2.98844672657,33.0,Yes
260,260,261,Richard,Romero,Michigan,Male,16.9961089494,2.0,28.0,No
261,261,262,Amanda,Reyes,Texas,Female,17.0,4.0,33.0,Yes
262,262,263,Richard,Collins,Kentucky,Male,18.0,2.0,18.0111386139,Yes
263,263,264,Kenneth,Olson,Illinois,Male,19.0,2.98844672657,18.0111386139,Yes
264,264,265,Adam,Perry,Georgia,Male,16.9961089494,2.0,34.0,No
265,265,266,Carl,Montgomery,,Male,16.9961089494,4.0,29.0,Yes
266,266,267,Harold,Powell,Texas,Male,15.0,2.0,12.0,No
267,267,268,Donald,Little,Kentucky,Male,16.0,2.0,33.0,No
268,268,269,Amy,Schmidt,California,Female,16.0,2.98844672657,3.0,Yes
269,269,270,Patricia,Hawkins,California,Female,16.0,2.98844672657,18.0111386139,Yes
270,270,271,Raymond,Hill,District of Columbia,Male,16.9961089494,3.0,29.0,No
271,271,272,Laura,Watson,Louisiana,Female,19.0,2.98844672657,13.0,Yes
272,272,273,Nicholas,Morgan,Minnesota,Male,18.0,2.98844672657,18.0111386139,Yes
273,273,274,Anthony,Franklin,Illinois,Male,16.9961089494,2.0,9.0,No
274,274,275,Raymond,Shaw,Oregon,Male,19.0,2.0,18.0111386139,Yes
275,275,276,Denise,Garza,North Carolina,Female,15.0,2.98844672657,30.0,Yes
276,276,277,Bobby,Butler,District of Columbia,Male,16.9961089494,2.98844672657,14.0,Yes
277,277,278,Dennis,Baker,Ohio,Male,16.9961089494,2.98844672657,3.0,Yes
278,278,279,Brenda,Butler,Virginia,Female,16.0,3.0,9.0,No
279,279,280,Melissa,Morales,District of Columbia,Female,19.0,2.98844672657,30.0,Yes
280,280,281,Amy,Franklin,Florida,Female,18.0,3.0,32.0,No
281,281,282,Juan,Hunt,California,Male,18.0,2.98844672657,8.0,Yes
282,282,283,Brian,Gibson,California,Male,19.0,4.0,17.0,Yes
283,283,284,Kathy,Duncan,Florida,Female,15.0,3.0,22.0,No
284,284,285,Steve,Montgomery,Texas,Male,15.0,3.0,27.0,No
285,285,286,Amy,King,Indiana,Female,15.0,3.0,18.0,No
286,286,287,Christine,Freeman,Georgia,Female,16.9961089494,3.0,17.0,No
287,287,288,Sean,Stephens,California,Male,18.0,2.0,8.0,No
288,288,289,Pamela,Hill,,Female,16.9961089494,2.0,25.0,No
289,289,290,Patrick,Gonzalez,Arizona,Male,16.9961089494,2.0,31.0,No
290,290,291,Matthew,Sullivan,Texas,Male,16.0,2.0,18.0111386139,Yes
291,291,292,Joseph,Kelley,,Male,16.9961089494,3.0,18.0111386139,Yes
292,292,293,Anthony,Roberts,Colorado,Male,17.0,2.0,18.0111386139,Yes
293,293,294,Andrew,Marshall,Louisiana,Male,17.0,4.0,32.0,Yes
294,294,295,Pamela,Armstrong,Washington,Female,17.0,3.0,11.0,No
295,295,296,Julia,Carr,Texas,Female,17.0,4.0,18.0111386139,Yes
296,296,297,Ernest,Day,Florida,Male,15.0,3.0,17.0,No
297,297,298,Marie,Ford,Florida,Female,16.9961089494,3.0,18.0111386139,Yes
298,298,299,Clarence,Medina,District of Columbia,Male,18.0,4.0,18.0111386139,Yes
299,299,300,Maria,King,California,Female,16.9961089494,2.0,8.0,No
300,300,301,Evelyn,Robertson,Florida,Female,15.0,2.98844672657,2.0,Yes
301,301,302,Mark,Frazier,Kentucky,Male,16.9961089494,2.0,3.0,Yes
302,302,303,Lillian,Knight,Colorado,Female,15.0,3.0,27.0,No
303,303,304,George,Arnold,Florida,Male,17.0,3.0,32.0,No
304,304,305,Frances,Parker,Indiana,Female,16.9961089494,3.0,34.0,No
305,305,306,David,Thompson,Texas,Male,17.0,4.0,4.0,Yes
306,306,307,Wayne,Diaz,Virginia,Male,17.0,4.0,7.0,Yes
307,307,308,Lawrence,Bradley,West Virginia,Male,19.0,4.0,25.0,Yes
308,308,309,Patricia,Hayes,Florida,Female,19.0,2.0,25.0,No
309,309,310,Helen,Jordan,South Carolina,Female,18.0,3.0,18.0111386139,Yes
310,310,311,Stephanie,Moreno,Louisiana,Female,19.0,4.0,18.0111386139,Yes
311,311,312,Emily,Edwards,New York,Female,16.9961089494,2.0,13.0,No
312,312,313,Virginia,Howard,New York,Female,19.0,3.0,15.0,No
313,313,314,Anthony,Hart,Indiana,Male,18.0,4.0,18.0111386139,Yes
314,314,315,Jacqueline,Gomez,,Female,16.0,2.98844672657,33.0,Yes
315,315,316,Gloria,Hunter,California,Female,16.9961089494,2.0,3.0,Yes
316,316,317,Timothy,Gardner,,Male,18.0,4.0,18.0,Yes
317,317,318,Gregory,Hunt,California,Male,16.9961089494,4.0,10.0,Yes
318,318,319,Cynthia,Brown,Arizona,Female,16.9961089494,2.98844672657,30.0,Yes
319,319,320,Nicholas,Campbell,North Carolina,Male,16.0,4.0,18.0111386139,Yes
320,320,321,Steve,Garcia,Vermont,Male,17.0,3.0,18.0111386139,Yes
321,321,322,Catherine,Hanson,Virginia,Female,18.0,4.0,29.0,Yes
322,322,323,Jennifer,Gonzales,New York,Female,17.0,3.0,23.0,No
323,323,324,Judy,Reyes,New York,Female,16.0,3.0,29.0,No
324,324,325,Scott,Stone,Minnesota,Male,16.0,3.0,5.0,No
325,325,326,Ryan,Reed,Texas,Male,18.0,2.0,8.0,No
326,326,327,Randy,Mason,Virginia,Male,16.9961089494,4.0,31.0,Yes
327,327,328,Victor,Day,North Carolina,Male,16.0,2.98844672657,4.0,Yes
328,328,329,Karen,Vasquez,Delaware,Female,15.0,4.0,23.0,Yes
329,329,330,Gary,Medina,Michigan,Male,15.0,3.0,18.0111386139,Yes
330,330,331,Donna,Torres,New York,Female,17.0,2.98844672657,18.0111386139,Yes
331,331,332,Doris,Scott,,Female,15.0,3.0,34.0,No
332,332,333,Donna,Hunter,,Female,16.9961089494,3.0,32.0,No
333,333,334,Linda,Harvey,Alabama,Female,16.9961089494,2.0,16.0,No
334,334,335,Patricia,Chapman,Ohio,Female,16.9961089494,2.0,23.0,No
335,335,336,Kimberly,Reynolds,Georgia,Female,15.0,4.0,14.0,Yes
336,336,337,Annie,Morgan,Texas,Female,16.0,2.0,18.0111386139,Yes
337,337,338,Jerry,Hanson,,Male,15.0,4.0,9.0,Yes
338,338,339,Jeffrey,Peterson,New Mexico,Male,19.0,2.0,5.0,No
339,339,340,Anthony,Daniels,Tennessee,Male,16.0,2.0,8.0,No
340,340,341,Anna,Day,Oklahoma,Female,18.0,2.0,31.0,No
341,341,342,Debra,Arnold,Florida,Female,17.0,2.98844672657,25.0,Yes
342,342,343,Judith,Cunningham,California,Female,15.0,4.0,25.0,Yes
343,343,344,Deborah,Reynolds,Virginia,Female,18.0,4.0,22.0,Yes
344,344,345,Theresa,Garza,,Female,15.0,2.98844672657,18.0111386139,Yes
345,345,346,Angela,Sanchez,Nevada,Female,19.0,4.0,27.0,Yes
346,346,347,Timothy,George,Wisconsin,Male,16.9961089494,3.0,19.0,No
347,347,348,Angela,Jordan,North Carolina,Female,15.0,2.98844672657,23.0,Yes
348,348,349,Paula,Hunter,,Female,16.9961089494,4.0,5.0,Yes
349,349,350,Harold,Evans,Colorado,Male,16.9961089494,2.0,34.0,No
350,350,351,Sara,Burke,Kentucky,Female,19.0,3.0,27.0,No
351,351,352,Nancy,Bryant,New York,Female,18.0,4.0,19.0,Yes
352,352,353,Anna,Stephens,,Female,16.0,4.0,18.0111386139,Yes
353,353,354,Joyce,Bryant,California,Female,19.0,3.0,30.0,No
354,354,355,Joyce,Baker,West Virginia,Female,17.0,2.0,28.0,No
355,355,356,Gary,Fernandez,Maryland,Male,16.0,3.0,31.0,No
356,356,357,Terry,Anderson,Washington,Male,18.0,4.0,6.0,Yes
357,357,358,Carlos,Murphy,Oklahoma,Male,17.0,2.0,7.0,No
358,358,359,Christina,Cox,Missouri,Female,18.0,2.0,22.0,No
359,359,360,Bonnie,Morrison,,Female,16.9961089494,3.0,23.0,No
360,360,361,Steven,Hansen,Wisconsin,Male,18.0,2.98844672657,18.0111386139,Yes
361,361,362,Sara,Perry,North Carolina,Female,16.9961089494,3.0,17.0,No
362,362,363,Marie,Rice,Washington,Female,18.0,4.0,18.0111386139,Yes
363,363,364,Christopher,Torres,Pennsylvania,Male,18.0,4.0,25.0,Yes
364,364,365,Richard,Martin,,Male,17.0,2.98844672657,27.0,Yes
365,365,366,Todd,Hernandez,,Male,17.0,2.98844672657,2.0,Yes
366,366,367,Mary,Patterson,District of Columbia,Female,17.0,4.0,13.0,Yes
367,367,368,Ann,Davis,California,Female,16.0,2.0,18.0111386139,Yes
368,368,369,David,Lynch,Arizona,Male,15.0,2.98844672657,13.0,Yes
369,369,370,Lisa,Stevens,Alabama,Female,16.0,2.98844672657,2.0,Yes
370,370,371,Beverly,Wells,,Female,16.9961089494,3.0,30.0,No
371,371,372,Larry,Harper,,Male,17.0,4.0,4.0,Yes
372,372,373,Dennis,Fields,Ohio,Male,16.0,3.0,34.0,No
373,373,374,Jessica,Jones,South Carolina,Female,17.0,2.0,3.0,Yes
374,374,375,Juan,Hernandez,Arizona,Male,16.0,3.0,18.0111386139,Yes
375,375,376,Antonio,Hart,California,Male,18.0,4.0,18.0111386139,Yes
376,376,377,Janice,Ellis,New Jersey,Female,18.0,3.0,18.0111386139,Yes
377,377,378,Kimberly,Morgan,New York,Female,18.0,2.0,32.0,No
378,378,379,Betty,Robertson,Texas,Female,19.0,3.0,29.0,No
379,379,380,Mildred,Morgan,Oklahoma,Female,16.9961089494,2.0,17.0,No
380,380,381,Wanda,Edwards,District of Columbia,Female,15.0,2.98844672657,18.0111386139,Yes
381,381,382,Shawn,Little,Pennsylvania,Male,19.0,3.0,10.0,No
382,382,383,Louis,Nelson,New Mexico,Male,17.0,4.0,14.0,Yes
383,383,384,Teresa,Roberts,Illinois,Female,16.0,2.98844672657,30.0,Yes
384,384,385,Judith,Ross,Oklahoma,Female,15.0,2.98844672657,6.0,Yes
385,385,386,Clarence,Nguyen,California,Male,17.0,2.98844672657,8.0,Yes
386,386,387,Lois,Collins,,Female,16.9961089494,3.0,18.0111386139,Yes
387,387,388,Aaron,Bishop,California,Male,17.0,4.0,12.0,Yes
388,388,389,James,Fields,Virginia,Male,19.0,2.0,18.0111386139,Yes
389,389,390,Raymond,Myers,Washington,Male,16.9961089494,2.0,25.0,No
390,390,391,Brandon,Ferguson,Texas,Male,17.0,2.0,23.0,No
391,391,392,Russell,Cook,New York,Male,16.9961089494,2.0,18.0111386139,Yes
392,392,393,Kathleen,Burton,Missouri,Female,17.0,2.98844672657,18.0111386139,Yes
393,393,394,Willie,Shaw,Texas,Male,16.0,2.0,18.0111386139,Yes
394,394,395,Philip,Nichols,District of Columbia,Male,19.0,2.98844672657,34.0,Yes
395,395,396,Steve,Perkins,South Carolina,Male,16.9961089494,2.0,30.0,No
396,396,397,Michael,Romero,Kansas,Male,19.0,3.0,12.0,No
397,397,398,Roy,Garcia,Michigan,Male,15.0,2.98844672657,34.0,Yes
398,398,399,Tammy,Fields,Tennessee,Female,18.0,4.0,29.0,Yes
399,399,400,Sean,Shaw,,Male,18.0,2.0,24.0,No
400,400,401,David,Ramirez,California,Male,17.0,2.0,18.0111386139,Yes
401,401,402,Richard,Alvarez,Pennsylvania,Male,16.0,4.0,19.0,Yes
402,402,403,Jeffrey,Miller,Oregon,Male,19.0,4.0,29.0,Yes
403,403,404,Edward,Gray,Texas,Male,18.0,2.0,30.0,No
404,404,405,Jack,Bell,New York,Male,17.0,2.0,19.0,No
405,405,406,Joseph,Mitchell,Colorado,Male,17.0,3.0,8.0,No
406,406,407,Phyllis,Bradley,Florida,Female,15.0,3.0,21.0,No
407,407,408,Lori,Stewart,Texas,Female,16.0,2.0,26.0,No
408,408,409,Julie,Richardson,Georgia,Female,19.0,2.98844672657,6.0,Yes
409,409,410,Cynthia,Stanley,South Carolina,Female,15.0,4.0,17.0,Yes
410,410,411,Kenneth,Johnston,Massachusetts,Male,19.0,4.0,11.0,Yes
411,411,412,Chris,Sims,California,Male,16.9961089494,2.0,10.0,No
412,412,413,Brian,Hanson,Massachusetts,Male,17.0,2.0,26.0,No
413,413,414,Matthew,Ward,New York,Male,15.0,2.0,29.0,No
414,414,415,Carl,Mason,Indiana,Male,19.0,2.98844672657,18.0,Yes
415,415,416,Richard,Wells,Texas,Male,16.9961089494,2.0,18.0111386139,Yes
416,416,417,Sandra,Daniels,Nebraska,Female,18.0,3.0,18.0111386139,Yes
417,417,418,Cheryl,Banks,Texas,Female,19.0,2.98844672657,6.0,Yes
418,418,419,Frances,Marshall,Texas,Female,19.0,2.98844672657,30.0,Yes
419,419,420,Gerald,Stevens,Florida,Male,19.0,4.0,18.0111386139,Yes
420,420,421,Sean,Perez,California,Male,15.0,4.0,29.0,Yes
421,421,422,Robert,Flores,,Male,18.0,2.98844672657,17.0,Yes
422,422,423,Daniel,Lee,,Male,16.0,4.0,7.0,Yes
423,423,424,Marie,Perry,,Female,17.0,3.0,13.0,No
424,424,425,Cheryl,Cruz,Nebraska,Female,18.0,2.0,16.0,No
425,425,426,Julia,Bishop,Ohio,Female,19.0,2.98844672657,30.0,Yes
426,426,427,Earl,Bradley,South Carolina,Male,19.0,2.0,10.0,No
427,427,428,Timothy,Watkins,Nevada,Male,16.0,4.0,4.0,Yes
428,428,429,James,Olson,Louisiana,Male,15.0,2.0,18.0111386139,Yes
429,429,430,Gregory,Ramos,,Male,16.0,3.0,18.0111386139,Yes
430,430,431,Terry,Reynolds,South Carolina,Male,19.0,2.0,33.0,No
431,431,432,Terry,Murphy,Wisconsin,Male,18.0,2.98844672657,20.0,Yes
432,432,433,Mark,Cook,New Jersey,Male,15.0,3.0,28.0,No
433,433,434,Wanda,Weaver,New Jersey,Female,18.0,4.0,22.0,Yes
434,434,435,Denise,Stewart,Montana,Female,17.0,2.0,23.0,No
435,435,436,Todd,Gutierrez,Illinois,Male,16.0,2.0,14.0,No
436,436,437,Debra,Fernandez,New York,Female,16.0,2.98844672657,30.0,Yes
437,437,438,Lawrence,Flores,District of Columbia,Male,16.0,3.0,6.0,No
438,438,439,Juan,Duncan,Kentucky,Male,16.9961089494,4.0,10.0,Yes
439,439,440,Marie,Stewart,Missouri,Female,19.0,2.0,12.0,No
440,440,441,Frances,Harvey,Massachusetts,Female,15.0,2.0,12.0,No
441,441,442,Willie,Owens,Washington,Male,16.0,4.0,3.0,Yes
442,442,443,Katherine,Fields,,Female,17.0,4.0,34.0,Yes
443,443,444,Donald,Jackson,Texas,Male,15.0,3.0,18.0,No
444,444,445,Daniel,Young,Pennsylvania,Male,16.0,4.0,2.0,Yes
445,445,446,Paula,Weaver,California,Female,16.9961089494,2.0,7.0,No
446,446,447,Robert,Brooks,Texas,Male,15.0,2.98844672657,7.0,Yes
447,447,448,Norma,Moore,North Carolina,Female,15.0,3.0,25.0,No
448,448,449,Catherine,Meyer,Indiana,Female,16.0,3.0,34.0,No
449,449,450,Melissa,Miller,Nevada,Female,18.0,3.0,25.0,No
450,450,451,Amanda,Grant,Oklahoma,Female,15.0,3.0,33.0,No
451,451,452,Walter,Meyer,,Male,16.0,2.98844672657,13.0,Yes
452,452,453,Michelle,Stone,Wisconsin,Female,16.9961089494,2.0,23.0,No
453,453,454,Ashley,Martin,New York,Female,16.0,2.98844672657,32.0,Yes
454,454,455,Paula,Myers,Massachusetts,Female,18.0,3.0,22.0,No
455,455,456,Charles,Mitchell,,Male,19.0,3.0,24.0,No
456,456,457,Julia,Jacobs,,Female,19.0,4.0,32.0,Yes
457,457,458,Judith,Elliott,North Carolina,Female,16.0,4.0,20.0,Yes
458,458,459,Steven,Baker,Florida,Male,16.9961089494,2.0,17.0,No
459,459,460,Gregory,Griffin,South Dakota,Male,17.0,3.0,9.0,No
460,460,461,Judith,Wright,Florida,Female,18.0,2.98844672657,18.0111386139,Yes
461,461,462,Donald,Banks,Pennsylvania,Male,19.0,3.0,22.0,No
462,462,463,Lawrence,Lee,Florida,Male,16.9961089494,2.98844672657,7.0,Yes
463,463,464,Kimberly,Morgan,Illinois,Female,16.0,2.98844672657,8.0,Yes
464,464,465,Patrick,Fields,Indiana,Male,15.0,2.98844672657,12.0,Yes
465,465,466,Aaron,Murphy,Florida,Male,18.0,3.0,12.0,No
466,466,467,Nancy,Adams,Missouri,Female,17.0,3.0,18.0111386139,Yes
467,467,468,Virginia,Brown,Florida,Female,15.0,2.98844672657,18.0111386139,Yes
468,468,469,Mary,Bradley,California,Female,19.0,4.0,18.0111386139,Yes
469,469,470,Wanda,Greene,North Carolina,Female,16.9961089494,3.0,15.0,No
470,470,471,Judith,Campbell,California,Female,16.0,3.0,34.0,No
471,471,472,Dorothy,Turner,Kentucky,Female,18.0,3.0,14.0,No
472,472,473,Judy,Phillips,Florida,Female,19.0,4.0,18.0111386139,Yes
473,473,474,Pamela,Kennedy,Indiana,Female,16.0,2.98844672657,18.0111386139,Yes
474,474,475,Brandon,Mendoza,Kentucky,Male,15.0,3.0,31.0,No
475,475,476,Aaron,Mitchell,Arizona,Male,18.0,3.0,24.0,No
476,476,477,Jeremy,Stephens,California,Male,19.0,3.0,19.0,No
477,477,478,Mary,Miller,Nebraska,Female,15.0,3.0,18.0111386139,Yes
478,478,479,Paul,Gibson,Alabama,Male,16.9961089494,3.0,18.0111386139,Yes
479,479,480,Frank,Gonzalez,Florida,Male,18.0,2.0,16.0,No
480,480,481,Pamela,Grant,Ohio,Female,18.0,2.98844672657,18.0111386139,Yes
481,481,482,Anne,Dean,Virginia,Female,16.9961089494,2.0,12.0,No
482,482,483,Joyce,Armstrong,West Virginia,Female,16.9961089494,2.98844672657,18.0111386139,Yes
483,483,484,Wayne,Palmer,California,Male,16.9961089494,3.0,17.0,No
484,484,485,Amanda,Ross,California,Female,16.0,4.0,21.0,Yes
485,485,486,Andrew,Day,Alabama,Male,16.9961089494,2.98844672657,30.0,Yes
486,486,487,Amanda,Crawford,Vermont,Female,19.0,4.0,32.0,Yes
487,487,488,Matthew,Knight,Maryland,Male,18.0,4.0,6.0,Yes
488,488,489,Marie,Hawkins,North Carolina,Female,16.0,2.98844672657,13.0,Yes
489,489,490,Deborah,Hill,Indiana,Female,16.0,3.0,29.0,No
490,490,491,Cheryl,Russell,Nebraska,Female,19.0,3.0,25.0,No
491,491,492,Martin,Black,Texas,Male,15.0,3.0,11.0,No
492,492,493,Theresa,Martin,California,Female,16.9961089494,3.0,16.0,No
493,493,494,Joyce,Peterson,West Virginia,Female,16.9961089494,3.0,10.0,No
494,494,495,Frances,Cruz,Virginia,Female,16.0,4.0,9.0,Yes
495,495,496,Rebecca,Carter,Florida,Female,16.9961089494,2.98844672657,32.0,Yes
496,496,497,Juan,Robertson,Ohio,Male,16.9961089494,4.0,5.0,Yes
497,497,498,Kathryn,Jackson,,Female,16.0,2.98844672657,3.0,Yes
498,498,499,Mary,Young,Pennsylvania,Female,15.0,2.98844672657,30.0,Yes
499,499,500,Benjamin,Gibson,California,Male,16.9961089494,3.0,9.0,No
500,500,501,Diane,Ellis,Colorado,Female,16.9961089494,4.0,18.0111386139,Yes
501,501,502,Susan,Lewis,Texas,Female,16.9961089494,2.0,8.0,No
502,502,503,Frank,Jacobs,Washington,Male,15.0,2.0,23.0,No
503,503,504,Doris,Ortiz,Washington,Female,17.0,4.0,19.0,Yes
504,504,505,Ashley,Sims,Massachusetts,Female,18.0,4.0,18.0,Yes
505,505,506,David,Ross,Kentucky,Male,15.0,4.0,18.0111386139,Yes
506,506,507,Christina,Schmidt,Texas,Female,19.0,2.98844672657,13.0,Yes
507,507,508,Scott,Johnson,Florida,Male,17.0,4.0,12.0,Yes
508,508,509,Jerry,Fox,Illinois,Male,19.0,2.0,14.0,No
509,509,510,Ryan,Woods,Texas,Male,17.0,3.0,18.0,No
510,510,511,Nancy,Palmer,New Jersey,Female,16.9961089494,2.98844672657,26.0,Yes
511,511,512,Robert,Gomez,Texas,Male,16.9961089494,3.0,6.0,No
512,512,513,Robin,Bailey,Illinois,Female,17.0,2.0,18.0,No
513,513,514,Kevin,Mitchell,Mississippi,Male,18.0,4.0,18.0111386139,Yes
514,514,515,Jose,Gordon,Louisiana,Male,16.9961089494,3.0,15.0,No
515,515,516,Catherine,Bradley,Arizona,Female,17.0,2.0,15.0,No
516,516,517,Helen,Robertson,Colorado,Female,18.0,2.0,15.0,No
517,517,518,Roy,Mccoy,Missouri,Male,15.0,3.0,18.0111386139,Yes
518,518,519,Jimmy,Hicks,Minnesota,Male,18.0,3.0,2.0,Yes
519,519,520,Justin,Gibson,Illinois,Male,18.0,2.0,29.0,No
520,520,521,Virginia,Reed,Wisconsin,Female,18.0,2.98844672657,30.0,Yes
521,521,522,Doris,Collins,Ohio,Female,19.0,2.98844672657,26.0,Yes
522,522,523,Larry,Fernandez,Colorado,Male,16.9961089494,4.0,18.0111386139,Yes
523,523,524,Andrew,Ross,Tennessee,Male,16.9961089494,2.98844672657,21.0,Yes
524,524,525,Patrick,Harvey,Minnesota,Male,15.0,2.98844672657,27.0,Yes
525,525,526,Kelly,Franklin,,Female,16.0,4.0,34.0,Yes
526,526,527,Terry,Armstrong,Missouri,Male,18.0,2.0,12.0,No
527,527,528,Louis,Martin,District of Columbia,Male,18.0,2.98844672657,16.0,Yes
528,528,529,Beverly,Medina,District of Columbia,Female,16.0,4.0,28.0,Yes
529,529,530,Carl,Rodriguez,Arizona,Male,15.0,2.0,20.0,No
530,530,531,Stephen,Stanley,New York,Male,15.0,2.98844672657,10.0,Yes
531,531,532,Ernest,Nguyen,Texas,Male,15.0,4.0,10.0,Yes
532,532,533,Emily,Hamilton,Ohio,Female,16.0,4.0,25.0,Yes
533,533,534,Henry,Daniels,Massachusetts,Male,18.0,4.0,16.0,Yes
534,534,535,Teresa,Grant,Virginia,Female,16.0,3.0,16.0,No
535,535,536,Alice,Martinez,Missouri,Female,19.0,2.0,27.0,No
536,536,537,Alan,Campbell,,Male,17.0,2.0,3.0,Yes
537,537,538,Henry,Murphy,California,Male,15.0,2.0,26.0,No
538,538,539,Sean,Dean,New Jersey,Male,16.9961089494,4.0,6.0,Yes
539,539,540,Janice,Gilbert,Texas,Female,15.0,2.0,18.0111386139,Yes
540,540,541,Alice,Snyder,Arkansas,Female,15.0,3.0,2.0,Yes
541,541,542,Debra,Meyer,Alabama,Female,16.9961089494,2.0,18.0111386139,Yes
542,542,543,Cynthia,Stewart,Missouri,Female,15.0,2.0,7.0,No
543,543,544,Phillip,Olson,Tennessee,Male,16.9961089494,3.0,19.0,No
544,544,545,Thomas,Mcdonald,Texas,Male,17.0,4.0,8.0,Yes
545,545,546,David,Hart,Indiana,Male,17.0,3.0,18.0111386139,Yes
546,546,547,Walter,Lawson,District of Columbia,Male,17.0,2.0,28.0,No
547,547,548,Pamela,Stewart,Texas,Female,19.0,2.0,8.0,No
548,548,549,Linda,Montgomery,Georgia,Female,15.0,2.0,27.0,No
549,549,550,Jesse,Henry,Michigan,Male,17.0,2.98844672657,18.0111386139,Yes
550,550,551,James,Richards,New Mexico,Male,15.0,2.98844672657,14.0,Yes
551,551,552,Ryan,Johnston,Florida,Male,16.9961089494,4.0,22.0,Yes
552,552,553,Kathleen,Ford,Florida,Female,18.0,4.0,17.0,Yes
553,553,554,Samuel,Young,Delaware,Male,19.0,3.0,25.0,No
554,554,555,Albert,Perez,Virginia,Male,19.0,2.98844672657,6.0,Yes
555,555,556,Teresa,Gomez,California,Female,15.0,4.0,19.0,Yes
556,556,557,Johnny,Allen,,Male,15.0,2.98844672657,21.0,Yes
557,557,558,Louise,James,Kentucky,Female,16.0,2.98844672657,25.0,Yes
558,558,559,Victor,Robinson,Arizona,Male,19.0,2.0,33.0,No
559,559,560,Joshua,Hart,Tennessee,Male,18.0,4.0,21.0,Yes
560,560,561,Arthur,Ryan,California,Male,18.0,2.98844672657,22.0,Yes
561,561,562,Michelle,Kim,Indiana,Female,16.9961089494,3.0,15.0,No
562,562,563,Lawrence,Thompson,North Carolina,Male,16.0,2.98844672657,4.0,Yes
563,563,564,Roy,Stevens,Oklahoma,Male,15.0,2.0,18.0111386139,Yes
564,564,565,Keith,Warren,Ohio,Male,16.9961089494,3.0,15.0,No
565,565,566,Shawn,Torres,,Male,19.0,4.0,18.0111386139,Yes
566,566,567,Jesse,Ortiz,Tennessee,Male,16.9961089494,4.0,21.0,Yes
567,567,568,Raymond,Miller,Ohio,Male,16.9961089494,2.0,18.0,No
568,568,569,Daniel,Fields,Kentucky,Male,17.0,3.0,23.0,No
569,569,570,Helen,Day,Massachusetts,Female,15.0,2.0,17.0,No
570,570,571,Bonnie,Jackson,California,Female,19.0,2.98844672657,28.0,Yes
571,571,572,Betty,Anderson,Alabama,Female,17.0,2.98844672657,29.0,Yes
572,572,573,Dennis,Ortiz,Iowa,Male,16.0,2.98844672657,22.0,Yes
573,573,574,Larry,Graham,Virginia,Male,18.0,3.0,18.0111386139,Yes
574,574,575,Russell,Bell,Oklahoma,Male,18.0,3.0,11.0,No
575,575,576,Elizabeth,Hill,Oregon,Female,17.0,2.98844672657,7.0,Yes
576,576,577,Lori,Gordon,Texas,Female,16.9961089494,2.0,28.0,No
577,577,578,Michelle,Moore,,Female,16.0,2.98844672657,30.0,Yes
578,578,579,Beverly,Gordon,Texas,Female,17.0,3.0,15.0,No
579,579,580,Kathryn,Brooks,Tennessee,Female,18.0,2.0,9.0,No
580,580,581,Heather,Hawkins,District of Columbia,Female,16.0,2.98844672657,21.0,Yes
581,581,582,Anna,Pierce,Indiana,Female,17.0,2.98844672657,18.0,Yes
582,582,583,Lois,Adams,Kentucky,Female,19.0,3.0,24.0,No
583,583,584,Ronald,Collins,Florida,Male,19.0,3.0,26.0,No
584,584,585,Bruce,Perez,Texas,Male,15.0,2.0,18.0111386139,Yes
585,585,586,Robert,Patterson,Utah,Male,16.0,2.98844672657,34.0,Yes
586,586,587,Lisa,Medina,Florida,Female,15.0,2.0,4.0,No
587,587,588,Judith,Reed,Florida,Female,16.9961089494,4.0,4.0,Yes
588,588,589,Carol,Hernandez,Minnesota,Female,19.0,2.98844672657,27.0,Yes
589,589,590,Timothy,Davis,Hawaii,Male,19.0,2.0,32.0,No
590,590,591,Mark,Nguyen,Arkansas,Male,16.9961089494,2.0,18.0111386139,Yes
591,591,592,Arthur,Miller,Louisiana,Male,16.9961089494,2.98844672657,26.0,Yes
592,592,593,Bruce,Foster,,Male,19.0,4.0,13.0,Yes
593,593,594,Walter,Garcia,California,Male,15.0,2.0,28.0,No
594,594,595,Cheryl,Rice,Pennsylvania,Female,16.0,2.0,4.0,No
595,595,596,Earl,Bennett,Texas,Male,16.9961089494,2.98844672657,18.0111386139,Yes
596,596,597,Carlos,Gray,Virginia,Male,16.9961089494,4.0,18.0111386139,Yes
597,597,598,Janet,Franklin,Florida,Female,16.9961089494,3.0,18.0111386139,Yes
598,598,599,Doris,Murray,,Female,17.0,4.0,3.0,Yes
599,599,600,Amy,Powell,,Female,15.0,2.0,31.0,No
600,600,601,Pamela,Boyd,Pennsylvania,Female,15.0,4.0,10.0,Yes
601,601,602,Sarah,Butler,Ohio,Female,16.9961089494,3.0,27.0,No
602,602,603,Peter,Martin,Washington,Male,19.0,3.0,30.0,No
603,603,604,Jean,Washington,,Female,15.0,2.0,19.0,No
604,604,605,James,Lane,Arizona,Male,15.0,2.98844672657,30.0,Yes
605,605,606,Theresa,Simpson,District of Columbia,Female,18.0,2.0,18.0111386139,Yes
606,606,607,Elizabeth,Miller,Colorado,Female,16.0,3.0,18.0111386139,Yes
607,607,608,Carlos,Freeman,California,Male,19.0,3.0,22.0,No
608,608,609,Rachel,Barnes,Alabama,Female,19.0,2.98844672657,26.0,Yes
609,609,610,Thomas,Ross,Florida,Male,16.9961089494,2.0,26.0,No
610,610,611,Dorothy,Boyd,Washington,Female,15.0,2.0,6.0,No
611,611,612,Karen,Torres,Florida,Female,17.0,4.0,27.0,Yes
612,612,613,Nancy,Duncan,California,Female,19.0,3.0,13.0,No
613,613,614,Jeremy,Rose,California,Male,17.0,2.0,18.0111386139,Yes
614,614,615,Johnny,Berry,Texas,Male,15.0,2.0,18.0111386139,Yes
615,615,616,Shawn,George,District of Columbia,Male,15.0,2.98844672657,6.0,Yes
616,616,617,Bobby,Hill,Florida,Male,16.9961089494,4.0,27.0,Yes
617,617,618,Debra,Robinson,Oregon,Female,17.0,4.0,30.0,Yes
618,618,619,Fred,Sanchez,Michigan,Male,16.9961089494,3.0,3.0,Yes
619,619,620,Johnny,Wood,,Male,18.0,4.0,18.0111386139,Yes
620,620,621,Richard,Murray,Indiana,Male,17.0,4.0,7.0,Yes
621,621,622,Antonio,Crawford,West Virginia,Male,19.0,2.98844672657,30.0,Yes
622,622,623,Catherine,Ross,Maine,Female,18.0,2.0,30.0,No
623,623,624,Larry,Wagner,New Jersey,Male,15.0,4.0,3.0,Yes
624,624,625,Adam,Fernandez,,Male,16.0,3.0,29.0,No
625,625,626,Anne,Kelley,Ohio,Female,16.0,2.0,33.0,No
626,626,627,Nicholas,Washington,Indiana,Male,18.0,4.0,22.0,Yes
627,627,628,Christina,Roberts,California,Female,17.0,2.0,4.0,No
628,628,629,Diana,Ryan,Texas,Female,15.0,2.0,14.0,No
629,629,630,Antonio,King,Michigan,Male,17.0,2.98844672657,18.0111386139,Yes
630,630,631,Linda,Matthews,Wisconsin,Female,16.9961089494,4.0,2.0,Yes
631,631,632,Rachel,Collins,Texas,Female,19.0,4.0,18.0111386139,Yes
632,632,633,Bruce,Bell,Texas,Male,18.0,4.0,5.0,Yes
633,633,634,Amanda,Fisher,Indiana,Female,16.9961089494,2.98844672657,28.0,Yes
634,634,635,Melissa,Cole,Texas,Female,18.0,3.0,25.0,No
635,635,636,Lois,Hayes,Wisconsin,Female,16.9961089494,4.0,28.0,Yes
636,636,637,Jennifer,Lopez,,Female,16.0,4.0,16.0,Yes
637,637,638,Robin,Grant,Alabama,Female,16.9961089494,2.0,3.0,Yes
638,638,639,Katherine,Bishop,Oregon,Female,19.0,2.98844672657,10.0,Yes
639,639,640,Kathleen,Ramos,California,Female,16.9961089494,2.0,13.0,No
640,640,641,Arthur,Sanchez,Georgia,Male,16.0,4.0,18.0111386139,Yes
641,641,642,Ann,Perkins,New Hampshire,Female,17.0,3.0,9.0,No
642,642,643,Brandon,King,Michigan,Male,16.9961089494,2.0,6.0,No
643,643,644,Nicole,Ortiz,Illinois,Female,18.0,2.0,18.0111386139,Yes
644,644,645,Sean,Nguyen,Texas,Male,19.0,2.98844672657,24.0,Yes
645,645,646,Gloria,Wheeler,Texas,Female,16.9961089494,2.0,5.0,No
646,646,647,Phillip,Reid,,Male,15.0,4.0,11.0,Yes
647,647,648,Billy,Morrison,Minnesota,Male,19.0,2.98844672657,18.0111386139,Yes
648,648,649,Betty,Mcdonald,Ohio,Female,17.0,2.0,33.0,No
649,649,650,Shirley,Ortiz,,Female,18.0,2.0,18.0111386139,Yes
650,650,651,Karen,Simmons,California,Female,18.0,2.98844672657,7.0,Yes
651,651,652,Antonio,Taylor,District of Columbia,Male,17.0,4.0,29.0,Yes
652,652,653,Janice,Clark,West Virginia,Female,16.9961089494,2.0,18.0111386139,Yes
653,653,654,Stephen,Simpson,New Jersey,Male,16.0,2.0,3.0,Yes
654,654,655,Kathleen,Brown,,Female,16.0,2.0,9.0,No
655,655,656,Phillip,Morales,Illinois,Male,18.0,2.0,6.0,No
656,656,657,Joe,Watson,,Male,16.9961089494,3.0,16.0,No
657,657,658,Melissa,Harrison,Texas,Female,16.9961089494,4.0,24.0,Yes
658,658,659,Carlos,Carpenter,California,Male,18.0,3.0,4.0,No
659,659,660,Theresa,Matthews,Hawaii,Female,16.9961089494,4.0,18.0,Yes
660,660,661,Sarah,Crawford,Virginia,Female,19.0,2.98844672657,34.0,Yes
661,661,662,Christina,Grant,Florida,Female,16.9961089494,2.98844672657,12.0,Yes
662,662,663,Carol,Powell,Illinois,Female,16.9961089494,4.0,31.0,Yes
663,663,664,Eugene,Lewis,Missouri,Male,16.0,3.0,19.0,No
664,664,665,Chris,Hunt,Pennsylvania,Male,16.9961089494,4.0,23.0,Yes
665,665,666,Mildred,Ross,West Virginia,Female,18.0,2.98844672657,24.0,Yes
666,666,667,Nicole,Hart,Texas,Female,16.9961089494,2.0,18.0111386139,Yes
667,667,668,John,Richards,Texas,Male,16.9961089494,4.0,25.0,Yes
668,668,669,Brandon,Lawson,Pennsylvania,Male,19.0,3.0,29.0,No
669,669,670,Stephanie,Henry,New York,Female,18.0,2.0,14.0,No
670,670,671,Janet,Ray,,Female,16.9961089494,3.0,19.0,No
671,671,672,Terry,Gray,Colorado,Male,16.9961089494,2.98844672657,34.0,Yes
672,672,673,Antonio,Perez,North Carolina,Male,17.0,2.0,14.0,No
673,673,674,Donna,Russell,Ohio,Female,16.9961089494,4.0,18.0111386139,Yes
674,674,675,Theresa,Kennedy,Indiana,Female,15.0,2.0,31.0,No
675,675,676,Jack,Morrison,Alabama,Male,16.9961089494,2.0,18.0111386139,Yes
676,676,677,Louis,Rodriguez,Pennsylvania,Male,16.0,3.0,18.0111386139,Yes
677,677,678,Gregory,Mccoy,Washington,Male,18.0,2.0,18.0111386139,Yes
678,678,679,Gloria,Snyder,Florida,Female,16.0,3.0,7.0,No
679,679,680,Phyllis,Wagner,,Female,18.0,3.0,12.0,No
680,680,681,Mildred,Fernandez,North Carolina,Female,15.0,2.0,21.0,No
681,681,682,Jean,Sullivan,Arizona,Female,19.0,2.0,9.0,No
682,682,683,Christina,Woods,New York,Female,15.0,2.0,13.0,No
683,683,684,Paula,Webb,Minnesota,Female,16.0,2.0,17.0,No
684,684,685,Annie,Kennedy,Nevada,Female,16.9961089494,4.0,24.0,Yes
685,685,686,Heather,Adams,Texas,Female,16.9961089494,2.98844672657,8.0,Yes
686,686,687,Katherine,Oliver,Virginia,Female,16.9961089494,4.0,10.0,Yes
687,687,688,Fred,Gonzalez,Idaho,Male,17.0,4.0,18.0111386139,Yes
688,688,689,Beverly,Kelley,Arkansas,Female,18.0,2.0,25.0,No
689,689,690,Evelyn,White,Massachusetts,Female,17.0,3.0,33.0,No
690,690,691,Arthur,Wood,Indiana,Male,17.0,3.0,26.0,No
691,691,692,Larry,Bennett,Ohio,Male,15.0,3.0,28.0,No
692,692,693,Sharon,Romero,North Carolina,Female,17.0,2.98844672657,25.0,Yes
693,693,694,Michelle,Foster,California,Female,17.0,3.0,27.0,No
694,694,695,Philip,Watkins,Arizona,Male,19.0,2.98844672657,21.0,Yes
695,695,696,Henry,King,District of Columbia,Male,16.9961089494,2.0,18.0111386139,Yes
696,696,697,Daniel,Peterson,Texas,Male,16.9961089494,3.0,22.0,No
697,697,698,Daniel,Bowman,Kentucky,Male,16.0,4.0,31.0,Yes
698,698,699,Martha,Alvarez,Colorado,Female,16.0,2.0,13.0,No
699,699,700,Kathryn,Medina,Texas,Female,19.0,2.0,18.0111386139,Yes
700,700,701,John,Patterson,,Male,15.0,2.0,4.0,No
701,701,702,Michael,Shaw,Florida,Male,18.0,2.98844672657,26.0,Yes
702,702,703,Janice,Matthews,Kentucky,Female,15.0,3.0,34.0,No
703,703,704,Chris,Little,Michigan,Male,16.0,2.98844672657,25.0,Yes
704,704,705,Martin,Holmes,Florida,Male,16.9961089494,4.0,16.0,Yes
705,705,706,Debra,Morris,Ohio,Female,16.9961089494,2.98844672657,19.0,Yes
706,706,707,Robin,Ryan,,Female,15.0,4.0,15.0,Yes
707,707,708,Jason,Richardson,Ohio,Male,16.0,3.0,19.0,No
708,708,709,Harry,Williamson,Pennsylvania,Male,19.0,4.0,13.0,Yes
709,709,710,Russell,Anderson,District of Columbia,Male,17.0,4.0,30.0,Yes
710,710,711,Johnny,Chapman,,Male,16.9961089494,2.0,12.0,No
711,711,712,Maria,Stevens,Colorado,Female,16.0,2.0,3.0,Yes
712,712,713,David,Riley,New York,Male,18.0,2.98844672657,18.0111386139,Yes
713,713,714,Bobby,Anderson,Pennsylvania,Male,16.9961089494,4.0,17.0,Yes
714,714,715,Stephen,Olson,Florida,Male,19.0,2.98844672657,10.0,Yes
715,715,716,Ann,Coleman,Washington,Female,17.0,2.0,18.0111386139,Yes
716,716,717,Diane,Vasquez,New York,Female,15.0,4.0,14.0,Yes
717,717,718,Gloria,Hughes,Ohio,Female,19.0,2.0,18.0111386139,Yes
718,718,719,Cynthia,Garza,Ohio,Female,18.0,3.0,24.0,No
719,719,720,Louise,Edwards,Indiana,Female,17.0,3.0,31.0,No
720,720,721,Kimberly,Montgomery,,Female,17.0,2.0,20.0,No
721,721,722,Brandon,Perry,California,Male,16.9961089494,3.0,15.0,No
722,722,723,Shirley,Ford,North Carolina,Female,17.0,2.0,34.0,No
723,723,724,Phillip,Alvarez,Illinois,Male,16.0,2.0,18.0111386139,Yes
724,724,725,Howard,Lawrence,New York,Male,19.0,4.0,33.0,Yes
725,725,726,Stephanie,Johnson,Pennsylvania,Female,18.0,2.98844672657,18.0111386139,Yes
726,726,727,Sara,Meyer,California,Female,18.0,2.0,9.0,No
727,727,728,Keith,Fernandez,District of Columbia,Male,19.0,3.0,8.0,No
728,728,729,Samuel,Allen,Illinois,Male,16.0,4.0,12.0,Yes
729,729,730,Carol,Burke,New York,Female,15.0,2.98844672657,29.0,Yes
730,730,731,Martha,Gordon,Illinois,Female,15.0,2.98844672657,22.0,Yes
731,731,732,Katherine,Fox,,Female,17.0,4.0,18.0111386139,Yes
732,732,733,Stephanie,Graham,Missouri,Female,17.0,2.98844672657,8.0,Yes
733,733,734,Roger,Snyder,Kansas,Male,18.0,4.0,21.0,Yes
734,734,735,Mark,Bishop,Ohio,Male,15.0,2.0,11.0,No
735,735,736,Pamela,Wilson,,Female,19.0,2.98844672657,20.0,Yes
736,736,737,Philip,Perkins,Florida,Male,16.9961089494,4.0,18.0111386139,Yes
737,737,738,Clarence,Stevens,Colorado,Male,16.9961089494,2.98844672657,14.0,Yes
738,738,739,Robert,Larson,Iowa,Male,18.0,2.98844672657,3.0,Yes
739,739,740,Bruce,Howard,,Male,16.9961089494,2.0,20.0,No
740,740,741,Karen,Turner,Missouri,Female,16.0,4.0,28.0,Yes
741,741,742,Thomas,Baker,Missouri,Male,15.0,2.0,20.0,No
742,742,743,Thomas,Hayes,California,Male,16.9961089494,4.0,5.0,Yes
743,743,744,Larry,Butler,Arizona,Male,16.0,3.0,28.0,No
744,744,745,Anne,Butler,California,Female,17.0,2.98844672657,33.0,Yes
745,745,746,Henry,Peters,,Male,19.0,2.0,14.0,No
746,746,747,Patrick,Brooks,California,Male,19.0,3.0,18.0111386139,Yes
747,747,748,Eugene,Brooks,California,Male,16.0,4.0,13.0,Yes
748,748,749,Melissa,King,Virginia,Female,18.0,2.98844672657,34.0,Yes
749,749,750,Margaret,Black,New York,Female,18.0,4.0,18.0111386139,Yes
750,750,751,Kimberly,Day,Florida,Female,19.0,2.0,6.0,No
751,751,752,Joyce,Matthews,New York,Female,16.9961089494,4.0,27.0,Yes
752,752,753,Julia,Hawkins,Texas,Female,17.0,4.0,7.0,Yes
753,753,754,Michelle,Gonzalez,Michigan,Female,17.0,4.0,18.0,Yes
754,754,755,Jessica,Elliott,Minnesota,Female,16.9961089494,4.0,28.0,Yes
755,755,756,Joyce,Murphy,,Female,16.9961089494,4.0,5.0,Yes
756,756,757,Joe,Howell,,Male,15.0,2.0,20.0,No
757,757,758,Steven,George,Oregon,Male,16.0,2.98844672657,11.0,Yes
758,758,759,George,Gomez,California,Male,19.0,4.0,2.0,Yes
759,759,760,Annie,Hamilton,South Carolina,Female,15.0,2.98844672657,13.0,Yes
760,760,761,Michael,James,Georgia,Male,16.9961089494,2.0,33.0,No
761,761,762,Jimmy,Holmes,,Male,17.0,3.0,26.0,No
762,762,763,Helen,Mcdonald,California,Female,18.0,2.0,15.0,No
763,763,764,Diane,Freeman,,Female,16.9961089494,2.0,18.0111386139,Yes
764,764,765,Lois,Peters,Pennsylvania,Female,19.0,4.0,31.0,Yes
765,765,766,Brenda,Martin,Texas,Female,16.0,2.98844672657,18.0111386139,Yes
766,766,767,Christina,Daniels,Virginia,Female,19.0,2.98844672657,18.0111386139,Yes
767,767,768,Betty,Rose,Hawaii,Female,17.0,3.0,6.0,No
768,768,769,Beverly,Burns,Virginia,Female,16.9961089494,4.0,8.0,Yes
769,769,770,Wayne,Brooks,,Male,16.9961089494,3.0,30.0,No
770,770,771,Ralph,Watkins,District of Columbia,Male,15.0,2.98844672657,17.0,Yes
771,771,772,Gerald,James,Tennessee,Male,17.0,2.0,18.0111386139,Yes
772,772,773,Nicole,Ramos,Texas,Female,16.0,2.98844672657,12.0,Yes
773,773,774,Mildred,Williamson,,Female,16.0,2.0,27.0,No
774,774,775,Jerry,Hart,Tennessee,Male,19.0,2.0,34.0,No
775,775,776,Russell,Scott,Wisconsin,Male,19.0,4.0,29.0,Yes
776,776,777,Louise,Lane,Pennsylvania,Female,17.0,4.0,34.0,Yes
777,777,778,Donna,Ramirez,Texas,Female,16.0,3.0,6.0,No
778,778,779,Frank,Miller,Texas,Male,16.9961089494,2.0,13.0,No
779,779,780,Kimberly,Gordon,Minnesota,Female,15.0,2.98844672657,18.0111386139,Yes
780,780,781,Lois,Hansen,New York,Female,17.0,2.0,12.0,No
781,781,782,Alan,Pierce,California,Male,18.0,3.0,20.0,No
782,782,783,Debra,Smith,New York,Female,17.0,2.0,5.0,No
783,783,784,Jennifer,Armstrong,California,Female,17.0,3.0,26.0,No
784,784,785,Douglas,Fernandez,Florida,Male,19.0,3.0,27.0,No
785,785,786,Judith,Alvarez,Michigan,Female,15.0,4.0,15.0,Yes
786,786,787,Roy,Owens,Virginia,Male,16.9961089494,4.0,19.0,Yes
787,787,788,Doris,Long,Illinois,Female,16.0,4.0,18.0111386139,Yes
788,788,789,Diana,Hill,Missouri,Female,19.0,2.98844672657,18.0111386139,Yes
789,789,790,Carolyn,Kelley,Texas,Female,17.0,2.0,19.0,No
790,790,791,Wayne,Rogers,Alaska,Male,16.9961089494,3.0,16.0,No
791,791,792,Lisa,Romero,,Female,17.0,3.0,2.0,Yes
792,792,793,Ryan,Walker,Massachusetts,Male,16.0,2.98844672657,18.0111386139,Yes
793,793,794,Rose,Ward,Texas,Female,19.0,4.0,27.0,Yes
794,794,795,Gary,Baker,Alabama,Male,19.0,3.0,31.0,No
795,795,796,Lillian,Fields,Tennessee,Female,19.0,4.0,8.0,Yes
796,796,797,Kelly,Lopez,Alaska,Female,16.9961089494,2.98844672657,3.0,Yes
797,797,798,Christopher,Butler,Minnesota,Male,17.0,2.0,31.0,No
798,798,799,Mildred,Gray,Virginia,Female,19.0,2.98844672657,18.0111386139,Yes
799,799,800,Carol,Ward,Indiana,Female,16.0,2.0,33.0,No
800,800,801,Justin,Clark,California,Male,16.9961089494,4.0,9.0,Yes
801,801,802,Angela,Crawford,Ohio,Female,16.9961089494,3.0,4.0,No
802,802,803,Clarence,Robinson,Texas,Male,15.0,3.0,18.0,No
803,803,804,Jack,Peters,Nevada,Male,15.0,3.0,2.0,Yes
804,804,805,Julia,Lee,Pennsylvania,Female,15.0,4.0,18.0111386139,Yes
805,805,806,Adam,Chapman,Georgia,Male,16.9961089494,4.0,18.0,Yes
806,806,807,Jean,Davis,California,Female,16.0,4.0,3.0,Yes
807,807,808,Ernest,Davis,California,Male,17.0,2.98844672657,18.0111386139,Yes
808,808,809,Anthony,Ross,Washington,Male,19.0,4.0,4.0,Yes
809,809,810,Jeffrey,Berry,Pennsylvania,Male,15.0,2.0,26.0,No
810,810,811,Jacqueline,Cunningham,Hawaii,Female,16.9961089494,4.0,31.0,Yes
811,811,812,Angela,Banks,Florida,Female,19.0,2.0,18.0111386139,Yes
812,812,813,Amy,Ortiz,Oklahoma,Female,18.0,2.98844672657,4.0,Yes
813,813,814,Angela,Morrison,,Female,16.0,4.0,7.0,Yes
814,814,815,Gary,Matthews,California,Male,18.0,3.0,4.0,No
815,815,816,Heather,Lynch,Texas,Female,18.0,2.0,18.0111386139,Yes
816,816,817,Phyllis,Edwards,Florida,Female,16.9961089494,3.0,17.0,No
817,817,818,Sarah,Lawson,,Female,16.0,2.0,20.0,No
818,818,819,Andrew,Reyes,Texas,Male,15.0,2.0,15.0,No
819,819,820,Deborah,Lawson,Florida,Female,16.0,2.0,14.0,No
820,820,821,Paul,Stevens,,Male,18.0,3.0,14.0,No
821,821,822,Nancy,Oliver,Indiana,Female,15.0,2.0,19.0,No
822,822,823,Dennis,Carpenter,Indiana,Male,17.0,2.98844672657,7.0,Yes
823,823,824,Patrick,Ross,Texas,Male,17.0,4.0,26.0,Yes
824,824,825,Gary,Holmes,,Male,17.0,2.98844672657,18.0111386139,Yes
825,825,826,Kimberly,Torres,,Female,16.9961089494,3.0,32.0,No
826,826,827,Amy,Miller,,Female,18.0,2.98844672657,31.0,Yes
827,827,828,Ruth,Parker,South Carolina,Female,16.9961089494,4.0,4.0,Yes
828,828,829,Juan,Collins,Vermont,Male,17.0,4.0,14.0,Yes
829,829,830,Mary,Mason,Texas,Female,19.0,4.0,19.0,Yes
830,830,831,Kathryn,Alexander,New Jersey,Female,19.0,2.0,17.0,No
831,831,832,Kenneth,Moreno,,Male,19.0,2.0,14.0,No
832,832,833,Mildred,Welch,Texas,Female,15.0,3.0,15.0,No
833,833,834,Louis,Riley,Utah,Male,16.9961089494,4.0,18.0111386139,Yes
834,834,835,Roy,Butler,Texas,Male,19.0,3.0,18.0,No
835,835,836,Diane,Pierce,Indiana,Female,17.0,3.0,2.0,Yes
836,836,837,Randy,Mendoza,Ohio,Male,16.9961089494,2.98844672657,11.0,Yes
837,837,838,Irene,Cole,Texas,Female,16.0,4.0,23.0,Yes
838,838,839,James,Myers,Illinois,Male,18.0,4.0,9.0,Yes
839,839,840,Barbara,Turner,Pennsylvania,Female,17.0,2.0,32.0,No
840,840,841,Andrea,Duncan,Ohio,Female,18.0,4.0,24.0,Yes
841,841,842,Tammy,Stone,,Female,15.0,3.0,4.0,No
842,842,843,Cheryl,Harvey,,Female,16.9961089494,4.0,4.0,Yes
843,843,844,Gloria,Ramos,Kansas,Female,16.0,4.0,23.0,Yes
844,844,845,Julia,White,District of Columbia,Female,15.0,3.0,11.0,No
845,845,846,Alan,Crawford,California,Male,17.0,4.0,18.0111386139,Yes
846,846,847,Rachel,Lee,,Female,19.0,3.0,27.0,No
847,847,848,Laura,Mitchell,Colorado,Female,18.0,4.0,18.0111386139,Yes
848,848,849,Christina,Moore,New York,Female,19.0,3.0,22.0,No
849,849,850,Marie,Wood,Michigan,Female,16.9961089494,2.98844672657,27.0,Yes
850,850,851,Jean,Gonzalez,Missouri,Female,17.0,3.0,23.0,No
851,851,852,Gloria,Edwards,California,Female,18.0,4.0,18.0111386139,Yes
852,852,853,Kathy,Bailey,New York,Female,19.0,3.0,18.0111386139,Yes
853,853,854,Heather,Owens,,Female,15.0,2.98844672657,18.0111386139,Yes
854,854,855,Ruth,Carroll,Kentucky,Female,16.9961089494,2.98844672657,14.0,Yes
855,855,856,Jimmy,Bryant,Pennsylvania,Male,16.0,2.98844672657,4.0,Yes
856,856,857,Thomas,Tucker,California,Male,16.9961089494,3.0,8.0,No
857,857,858,Janet,Murphy,Michigan,Female,17.0,2.98844672657,6.0,Yes
858,858,859,Angela,Kelly,Connecticut,Female,15.0,4.0,32.0,Yes
859,859,860,Douglas,Burke,Illinois,Male,16.0,3.0,8.0,No
860,860,861,Justin,Bennett,,Male,15.0,2.0,3.0,Yes
861,861,862,Kevin,Robinson,Montana,Male,16.9961089494,3.0,25.0,No
862,862,863,Pamela,Hudson,,Female,16.0,2.98844672657,18.0111386139,Yes
863,863,864,Barbara,Mccoy,New York,Female,19.0,3.0,15.0,No
864,864,865,Sara,Garcia,Louisiana,Female,19.0,3.0,21.0,No
865,865,866,John,Fields,,Male,16.9961089494,4.0,14.0,Yes
866,866,867,Joe,Franklin,Ohio,Male,15.0,2.0,15.0,No
867,867,868,Ruby,Long,Minnesota,Female,16.9961089494,4.0,4.0,Yes
868,868,869,Phyllis,Oliver,Michigan,Female,17.0,4.0,27.0,Yes
869,869,870,Patrick,Barnes,Texas,Male,17.0,3.0,7.0,No
870,870,871,Joshua,Butler,,Male,18.0,4.0,18.0111386139,Yes
871,871,872,Janet,Cox,Texas,Female,16.9961089494,3.0,9.0,No
872,872,873,William,Harris,Alabama,Male,18.0,3.0,6.0,No
873,873,874,Diana,Howard,Minnesota,Female,15.0,2.98844672657,18.0111386139,Yes
874,874,875,Joe,Hicks,Florida,Male,15.0,3.0,18.0111386139,Yes
875,875,876,Amy,Walker,Alabama,Female,16.9961089494,2.98844672657,29.0,Yes
876,876,877,Matthew,Brown,Iowa,Male,19.0,3.0,6.0,No
877,877,878,Adam,Larson,District of Columbia,Male,16.9961089494,3.0,27.0,No
878,878,879,Victor,Kelley,California,Male,17.0,3.0,18.0111386139,Yes
879,879,880,Amanda,Reyes,District of Columbia,Female,15.0,2.98844672657,9.0,Yes
880,880,881,Aaron,Shaw,Texas,Male,15.0,2.0,5.0,No
881,881,882,Kevin,Campbell,California,Male,17.0,4.0,28.0,Yes
882,882,883,Evelyn,Watson,South Carolina,Female,15.0,2.0,14.0,No
883,883,884,Amy,Nguyen,New York,Female,18.0,2.0,30.0,No
884,884,885,Betty,Stone,Colorado,Female,17.0,2.0,31.0,No
885,885,886,Susan,Spencer,Missouri,Female,19.0,4.0,17.0,Yes
886,886,887,Patricia,Hernandez,Arizona,Female,19.0,4.0,14.0,Yes
887,887,888,Jesse,Hunter,Pennsylvania,Male,18.0,2.0,16.0,No
888,888,889,Mark,Parker,New York,Male,16.9961089494,4.0,18.0111386139,Yes
889,889,890,Deborah,Franklin,,Female,16.0,4.0,31.0,Yes
890,890,891,Sharon,Dixon,District of Columbia,Female,19.0,3.0,12.0,No
891,891,892,Ruth,Larson,Washington,Female,18.0,4.0,18.0111386139,Yes
892,892,893,Gerald,Mendoza,Florida,Male,17.0,3.0,7.0,No
893,893,894,Gregory,Green,Arizona,Male,15.0,4.0,6.0,Yes
894,894,895,Eric,Greene,California,Male,15.0,3.0,33.0,No
895,895,896,Amanda,Anderson,Nevada,Female,19.0,4.0,4.0,Yes
896,896,897,Kathleen,Lane,Indiana,Female,19.0,4.0,24.0,Yes
897,897,898,Andrew,Murphy,Minnesota,Male,16.0,2.0,18.0111386139,Yes
898,898,899,Andrea,Nichols,Maryland,Female,17.0,2.0,7.0,No
899,899,900,Louis,Sims,Virginia,Male,16.9961089494,2.98844672657,10.0,Yes
900,900,901,Jennifer,Nguyen,Kansas,Female,16.9961089494,3.0,6.0,No
901,901,902,Amy,Bennett,Nebraska,Female,15.0,2.98844672657,6.0,Yes
902,902,903,Christina,Hall,Florida,Female,18.0,2.0,14.0,No
903,903,904,Emily,Griffin,Louisiana,Female,15.0,3.0,18.0111386139,Yes
904,904,905,Dennis,Stephens,Pennsylvania,Male,17.0,3.0,25.0,No
905,905,906,Harry,Wells,Pennsylvania,Male,17.0,2.98844672657,20.0,Yes
906,906,907,Michael,Grant,,Male,17.0,2.0,27.0,No
907,907,908,Benjamin,Nguyen,Ohio,Male,19.0,4.0,18.0111386139,Yes
908,908,909,Ruth,Ortiz,Pennsylvania,Female,17.0,2.0,8.0,No
909,909,910,Diane,Austin,,Female,16.9961089494,2.0,22.0,No
910,910,911,Sarah,Perry,California,Female,16.9961089494,2.98844672657,7.0,Yes
911,911,912,Patrick,Richards,Minnesota,Male,19.0,3.0,18.0111386139,Yes
912,912,913,Melissa,Daniels,Indiana,Female,16.9961089494,2.0,24.0,No
913,913,914,Kimberly,Gardner,Virginia,Female,18.0,4.0,18.0111386139,Yes
914,914,915,Larry,Smith,Maryland,Male,16.0,3.0,15.0,No
915,915,916,Debra,Warren,Texas,Female,15.0,4.0,31.0,Yes
916,916,917,Beverly,Tucker,Oklahoma,Female,19.0,2.98844672657,19.0,Yes
917,917,918,Gary,Fernandez,Maryland,Male,19.0,2.98844672657,5.0,Yes
918,918,919,Ralph,Perry,Texas,Male,15.0,4.0,9.0,Yes
919,919,920,Patricia,Ellis,Florida,Female,16.9961089494,4.0,31.0,Yes
920,920,921,Kathy,Fernandez,New York,Female,16.9961089494,2.0,21.0,No
921,921,922,Rebecca,Duncan,California,Female,16.9961089494,3.0,31.0,No
922,922,923,Angela,Arnold,New Jersey,Female,15.0,4.0,11.0,Yes
923,923,924,Tina,Lopez,Indiana,Female,18.0,3.0,2.0,Yes
924,924,925,Diane,Griffin,New York,Female,16.0,2.0,16.0,No
925,925,926,Raymond,Hunt,,Male,15.0,2.0,18.0111386139,Yes
926,926,927,Shirley,Kelly,California,Female,15.0,3.0,27.0,No
927,927,928,Ashley,Ramirez,Texas,Female,15.0,3.0,29.0,No
928,928,929,Alan,Davis,Wisconsin,Male,17.0,2.98844672657,18.0111386139,Yes
929,929,930,Cheryl,Spencer,Michigan,Female,16.9961089494,2.0,18.0111386139,Yes
930,930,931,Sandra,Hunter,New Mexico,Female,16.9961089494,2.98844672657,10.0,Yes
931,931,932,Barbara,Parker,,Female,16.9961089494,2.0,13.0,No
932,932,933,Kimberly,Lynch,Texas,Female,18.0,3.0,7.0,No
933,933,934,Edward,Meyer,Virginia,Male,19.0,2.0,28.0,No
934,934,935,Anna,Stone,Texas,Female,18.0,4.0,17.0,Yes
935,935,936,Roger,Thompson,Virginia,Male,18.0,2.0,18.0111386139,Yes
936,936,937,Gary,Marshall,Minnesota,Male,18.0,4.0,8.0,Yes
937,937,938,Anthony,Ray,New York,Male,18.0,4.0,4.0,Yes
938,938,939,Ruby,Castillo,California,Female,19.0,3.0,11.0,No
939,939,940,Kenneth,Evans,Indiana,Male,15.0,4.0,24.0,Yes
940,940,941,Nancy,Peters,,Female,16.9961089494,2.98844672657,6.0,Yes
941,941,942,Andrea,Sanchez,Florida,Female,16.9961089494,2.98844672657,18.0111386139,Yes
942,942,943,Joan,Fox,Virginia,Female,15.0,2.0,18.0111386139,Yes
943,943,944,Denise,Holmes,District of Columbia,Female,17.0,2.0,7.0,No
944,944,945,Todd,Pierce,Missouri,Male,19.0,2.98844672657,4.0,Yes
945,945,946,Dennis,Lopez,Georgia,Male,16.9961089494,2.98844672657,18.0111386139,Yes
946,946,947,Randy,Myers,Delaware,Male,16.9961089494,2.98844672657,17.0,Yes
947,947,948,Maria,Marshall,Georgia,Female,18.0,4.0,22.0,Yes
948,948,949,Susan,Gonzales,California,Female,19.0,3.0,18.0111386139,Yes
949,949,950,Diane,Fox,Nebraska,Female,16.9961089494,2.0,28.0,No
950,950,951,Billy,Gonzales,South Dakota,Male,16.0,3.0,27.0,No
951,951,952,Jean,Carr,North Dakota,Female,16.0,2.0,31.0,No
952,952,953,Jerry,Hanson,Texas,Male,18.0,2.0,18.0111386139,Yes
953,953,954,Tammy,Parker,Connecticut,Female,19.0,2.98844672657,33.0,Yes
954,954,955,Kathleen,Grant,Louisiana,Female,15.0,2.0,2.0,Yes
955,955,956,Anthony,Sanders,,Male,17.0,4.0,10.0,Yes
956,956,957,Justin,Lawrence,Florida,Male,16.9961089494,3.0,13.0,No
957,957,958,Jacqueline,Day,Illinois,Female,18.0,2.98844672657,18.0111386139,Yes
958,958,959,Wayne,Sanchez,Texas,Male,18.0,4.0,12.0,Yes
959,959,960,Jerry,Washington,Nevada,Male,16.9961089494,3.0,30.0,No
960,960,961,Louise,Brooks,Utah,Female,16.9961089494,3.0,26.0,No
961,961,962,Dennis,Schmidt,New York,Male,16.0,2.0,2.0,Yes
962,962,963,Teresa,Olson,Florida,Female,15.0,4.0,7.0,Yes
963,963,964,Arthur,Hill,,Male,17.0,3.0,8.0,No
964,964,965,Craig,Rose,,Male,16.9961089494,2.98844672657,10.0,Yes
965,965,966,Rachel,Hawkins,Minnesota,Female,16.9961089494,3.0,20.0,No
966,966,967,Edward,Warren,Florida,Male,19.0,3.0,15.0,No
967,967,968,Teresa,Fisher,North Carolina,Female,16.9961089494,4.0,18.0111386139,Yes
968,968,969,Jean,Gonzales,New York,Female,16.9961089494,3.0,4.0,No
969,969,970,Susan,Nguyen,,Female,18.0,2.98844672657,16.0,Yes
970,970,971,Michelle,Greene,Oklahoma,Female,16.9961089494,4.0,8.0,Yes
971,971,972,Christopher,Stanley,Colorado,Male,16.0,2.0,29.0,No
972,972,973,Jeffrey,Mason,Georgia,Male,16.9961089494,4.0,18.0111386139,Yes
973,973,974,Phyllis,Smith,,Female,16.9961089494,4.0,22.0,Yes
974,974,975,Jessica,Montgomery,Michigan,Female,18.0,3.0,18.0,No
975,975,976,Jessica,Wheeler,California,Female,16.9961089494,2.0,18.0111386139,Yes
976,976,977,Carl,Bryant,Ohio,Male,17.0,2.0,29.0,No
977,977,978,Wanda,Rivera,New York,Female,18.0,4.0,16.0,Yes
978,978,979,Betty,Reid,Delaware,Female,15.0,3.0,3.0,Yes
979,979,980,Ruby,Diaz,Ohio,Female,15.0,4.0,30.0,Yes
980,980,981,Thomas,Myers,Texas,Male,15.0,3.0,2.0,Yes
981,981,982,Jane,Sims,Texas,Female,19.0,2.0,25.0,No
982,982,983,Laura,Nelson,,Female,17.0,2.0,18.0111386139,Yes
983,983,984,Jessica,Gonzales,Nevada,Female,17.0,3.0,15.0,No
984,984,985,Ralph,Freeman,California,Male,18.0,3.0,31.0,No
985,985,986,Jose,Jordan,Connecticut,Male,16.9961089494,4.0,20.0,Yes
986,986,987,Andrea,Banks,California,Female,19.0,2.0,11.0,No
987,987,988,Gloria,Ross,Missouri,Female,16.9961089494,4.0,18.0111386139,Yes
988,988,989,Harry,Carr,Nebraska,Male,16.0,2.98844672657,34.0,Yes
989,989,990,Anthony,Sanders,District of Columbia,Male,15.0,4.0,2.0,Yes
990,990,991,Ruby,King,California,Female,18.0,4.0,14.0,Yes
991,991,992,Deborah,King,New York,Female,19.0,4.0,31.0,Yes
992,992,993,Arthur,Green,Oklahoma,Male,16.9961089494,4.0,20.0,Yes
993,993,994,Earl,Weaver,Ohio,Male,19.0,2.0,26.0,No
994,994,995,Ralph,Lopez,District of Columbia,Male,16.0,4.0,18.0111386139,Yes
995,995,996,Frank,Stone,Louisiana,Male,16.0,4.0,25.0,Yes
996,996,997,Shirley,Garrett,Minnesota,Female,15.0,4.0,18.0111386139,Yes
997,997,998,Jane,Rodriguez,Ohio,Female,17.0,2.98844672657,20.0,Yes
998,998,999,Robin,George,California,Female,19.0,2.98844672657,18.0111386139,Yes
999,999,1000,Martin,Fowler,Texas,Male,18.0,3.0,19.0,No
