,Graduated,Gender,State,Unnamed: 0,ID,First_name,Last_name,Age,GPA,Days_missed
0,Yes,Male,Florida,0,1,Wayne,Boyd,19.0,3.66666666667,9.0
1,Yes,Female,Pennsylvania,1,2,Ann,Matthews,18.0,3.0,24.6
2,Yes,Male,Texas,2,3,George,Matthews,17.0,3.1875,10.0
3,No,Male,California,3,4,Jerry,Ramos,15.0,2.0,28.0
4,No,Female,North Carolina,4,5,Andrea,Carroll,15.5,2.0,29.0
5,Yes,Female,Virginia,5,6,Annie,Fisher,19.0,3.83333333333,5.0
6,No,Female,Oklahoma,6,7,Stephanie,Barnes,16.5,3.0,20.0
7,Yes,Female,Louisiana,7,8,Janet,Jenkins,15.0,4.0,20.0
8,No,Female,,8,9,Betty,Miller,17.0,3.0,23.0
9,Yes,Male,Colorado,9,10,Henry,Woods,19.0,4.0,14.0
10,Yes,Female,,10,11,Stephanie,Harris,,,3.0
11,No,Male,Georgia,11,12,Samuel,George,15.0,3.0,13.0
12,Yes,Male,Indiana,12,13,Todd,Phillips,17.2222222222,2.0,3.0
13,No,Male,Florida,13,14,Nicholas,Rice,17.4,2.0,8.0
14,No,Female,New York,14,15,Jacqueline,Wallace,17.2,2.0,26.0
15,No,Female,Texas,15,16,Phyllis,Burton,16.0,3.0,18.0
16,Yes,Female,,16,17,Sandra,Hudson,,4.0,20.0
17,No,Female,Mississippi,17,18,Karen,Bell,17.0,3.0,10.0
18,Yes,Female,New York,18,19,Lori,Patterson,18.0,3.875,17.0
19,Yes,Female,Pennsylvania,19,20,Ann,Banks,15.0,4.0,18.0
20,Yes,Female,,20,21,Sara,Williams,17.0,,24.0
21,Yes,Male,Connecticut,21,22,Benjamin,Butler,18.0,4.0,4.0
22,No,Female,,22,23,Lori,Lopez,19.0,3.0,15.0
23,No,Male,New York,23,24,Ryan,Porter,15.0,2.0,10.0
24,No,Male,Texas,24,25,Anthony,Burke,16.0,2.0,14.0
25,Yes,Female,Arizona,25,26,Katherine,Rodriguez,16.0,4.0,3.0
26,No,Male,,26,27,Harry,Larson,18.0,3.0,15.0
27,Yes,Female,Virginia,27,28,Joyce,Patterson,18.0,4.0,22.0
28,Yes,Male,Indiana,28,29,Jonathan,Wells,19.0,3.5,20.0
29,No,Male,New York,29,30,Jesse,Hamilton,19.0,2.0,27.0
30,No,Female,South Dakota,30,31,Susan,Evans,15.0,2.0,29.0
31,No,Female,New Jersey,31,32,Kathleen,Lee,17.0,3.0,13.0
32,Yes,Male,Arizona,32,33,Steven,Cooper,18.0,3.5,20.0
33,No,Male,Indiana,33,34,Shawn,Fisher,18.0,2.0,17.0
34,Yes,Male,Texas,34,35,Arthur,Campbell,16.4375,3.1875,32.0
35,Yes,Male,New Mexico,35,36,Harold,Flores,19.0,4.0,19.3333333333
36,No,Female,California,36,37,Bonnie,Parker,19.0,2.0,29.0
37,Yes,Female,California,37,38,Doris,Holmes,15.0,4.0,20.0
38,Yes,Female,Virginia,38,39,Anna,Bradley,19.0,4.0,18.7272727273
39,Yes,Female,Ohio,39,40,Ruth,Lopez,16.0,4.0,23.3
40,Yes,Female,Texas,40,41,Wanda,Richards,16.0,3.19047619048,7.0
41,Yes,Male,Louisiana,41,42,Jimmy,Kelly,16.75,3.5,10.0
42,Yes,Female,New York,42,43,Marilyn,Marshall,17.3333333333,3.875,22.1818181818
43,Yes,Female,Ohio,43,44,Donna,Jackson,19.0,4.0,18.0
44,Yes,Female,Louisiana,44,45,Judy,Boyd,18.0,3.5,33.0
45,No,Female,Utah,45,46,Irene,Johnson,18.0,2.0,9.0
46,Yes,Male,Florida,46,47,Frank,Ortiz,16.0,3.66666666667,8.0
47,No,Male,California,47,48,Mark,Wheeler,16.0,2.0,13.0
48,No,Male,Washington,48,49,Aaron,Reed,17.5,2.0,21.0
49,Yes,Female,Ohio,49,50,Christina,Little,15.0,3.5,21.0
50,Yes,Female,Texas,50,51,Diana,Ross,17.3043478261,2.0,17.8888888889
51,Yes,Male,New York,51,52,William,Cooper,18.0,2.0,12.25
52,No,Male,Virginia,52,53,Joseph,Nichols,19.0,3.0,34.0
53,Yes,Male,Connecticut,53,54,Stephen,Bailey,19.0,4.0,16.0
54,Yes,Male,Tennessee,54,55,Harold,Powell,17.3333333333,3.5,31.0
55,No,Female,Texas,55,56,Kathleen,Cole,16.0,3.0,5.0
56,Yes,Female,South Carolina,56,57,Marilyn,Simmons,18.0,4.0,33.0
57,Yes,Female,Pennsylvania,57,58,Susan,Roberts,17.0,3.0,24.6
58,No,Male,Connecticut,58,59,Samuel,Elliott,15.0,2.0,9.0
59,No,Female,District of Columbia,59,60,Irene,Collins,17.0,3.0,9.0
60,Yes,Male,Missouri,60,61,Joshua,Lewis,18.0,3.5,15.0
61,Yes,Male,Nebraska,61,62,Raymond,Hudson,15.0,4.0,7.0
62,No,Male,Florida,62,63,Philip,Gomez,18.0,2.0,7.0
63,No,Male,Arizona,63,64,Christopher,Wood,17.0,3.0,32.0
64,No,Female,Florida,64,65,Sarah,Garcia,19.0,2.0,6.0
65,No,Male,Missouri,65,66,Antonio,Palmer,16.3333333333,2.0,12.0
66,No,Male,Florida,66,67,Ralph,Jacobs,18.0,2.0,14.0
67,Yes,Male,Virginia,67,68,Patrick,Washington,17.5,3.44444444444,4.0
68,No,Male,California,68,69,Henry,Howell,17.0769230769,3.0,14.0
69,Yes,Female,Minnesota,69,70,Lois,Chavez,17.0,4.0,19.0
70,Yes,Female,Massachusetts,70,71,Melissa,Dunn,17.0,3.0,18.0
71,Yes,Male,California,71,72,Eric,Roberts,18.0,3.61904761905,32.0
72,Yes,Male,California,72,73,Timothy,Smith,15.0,4.0,20.0
73,No,Female,New York,73,74,Kelly,Wheeler,16.0,3.0,25.0
74,Yes,Male,Texas,74,75,Earl,Watson,16.4375,3.1875,6.0
75,Yes,Male,Texas,75,76,Fred,Owens,16.4375,4.0,12.8571428571
76,Yes,Female,California,76,77,Emily,Frazier,16.0,3.0,3.0
77,No,Male,District of Columbia,77,78,James,Fowler,17.0,3.0,15.0
78,Yes,Male,Georgia,78,79,Johnny,Myers,16.25,4.0,16.0
79,No,Female,Kansas,79,80,Melissa,Harper,17.0,3.0,27.0
80,No,Female,California,80,81,Joan,Reyes,19.0,3.0,4.0
81,Yes,Male,New York,81,82,Keith,Sanchez,15.0,2.0,12.25
82,No,Male,Indiana,82,83,Craig,Tucker,19.0,2.0,33.0
83,Yes,Female,Missouri,83,84,Judith,Nguyen,17.7142857143,4.0,13.0
84,Yes,Male,,84,85,Kenneth,Ramirez,19.0,,18.0
85,Yes,Female,North Carolina,85,86,Margaret,Scott,15.0,4.0,19.0
86,Yes,Female,Kentucky,86,87,Martha,Moreno,19.0,2.0,19.5
87,No,Female,,87,88,Sandra,Nguyen,,3.0,7.0
88,Yes,Male,Utah,88,89,Albert,Willis,18.0,4.0,13.0
89,No,Female,Ohio,89,90,Shirley,Wheeler,17.0,3.0,11.0
90,No,Female,Texas,90,91,Heather,Olson,16.7777777778,2.0,19.0
91,Yes,Female,Washington,91,92,Lois,Hanson,19.0,4.0,31.0
92,Yes,Female,Ohio,92,93,Diane,Stanley,16.0,3.5,20.0
93,Yes,Male,Florida,93,94,Jack,Williamson,16.0,4.0,31.0
94,No,Male,Louisiana,94,95,Earl,Walker,15.0,3.0,31.0
95,Yes,Male,Nebraska,95,96,Justin,Gardner,15.5,4.0,29.0
96,Yes,Male,California,96,97,Edward,Hughes,18.0,2.0,15.8666666667
97,Yes,Female,Florida,97,98,Lisa,Harper,15.0,3.55555555556,23.0
98,No,Female,,98,99,Amy,Alexander,19.0,3.0,13.0
99,Yes,Female,,99,100,Emily,Bradley,17.0,,5.0
100,Yes,Female,Texas,100,101,Diana,Evans,17.3043478261,3.0,17.8888888889
101,No,Male,Texas,101,102,Juan,Romero,16.0,3.0,15.0
102,Yes,Female,,102,103,Debra,Woods,19.0,4.0,13.0
103,Yes,Female,Florida,103,104,Donna,Cooper,15.0,3.55555555556,18.4166666667
104,Yes,Male,Virginia,104,105,Jason,Wright,17.0,4.0,23.0
105,No,Female,Michigan,105,106,Mary,Sanchez,16.0,2.0,21.0
106,No,Male,New York,106,107,Steven,Welch,16.0,3.0,17.0
107,Yes,Female,Virginia,107,108,Debra,Larson,17.0,4.0,18.7272727273
108,Yes,Male,Connecticut,108,109,Carlos,Gibson,15.0,4.0,28.0
109,Yes,Female,Virginia,109,110,Janet,Johnson,17.0,3.83333333333,16.0
110,Yes,Female,Colorado,110,111,Kathryn,Welch,15.0,4.0,11.0
111,No,Female,New York,111,112,Kathleen,Dixon,17.2,2.0,6.0
112,No,Male,,112,113,Harold,Rivera,18.0,2.0,10.0
113,Yes,Female,Illinois,113,114,Nancy,Olson,15.0,3.33333333333,22.75
114,Yes,Male,Missouri,114,115,Daniel,Jacobs,15.0,4.0,26.0
115,No,Male,Connecticut,115,116,Eugene,Ferguson,16.0,3.0,15.0
116,No,Male,South Carolina,116,117,Johnny,Webb,18.0,3.0,16.0
117,Yes,Female,Nebraska,117,118,Lillian,Frazier,15.0,4.0,21.0
118,No,Female,,118,119,Stephanie,Gomez,,3.0,31.0
119,No,Female,New York,119,120,Linda,Wagner,16.0,3.0,29.0
120,No,Male,Florida,120,121,Carlos,Oliver,16.0,2.0,33.0
121,No,Male,,121,122,Jose,Diaz,15.0,2.0,12.0
122,No,Male,,122,123,William,Sanchez,15.0,3.0,28.0
123,Yes,Male,Louisiana,123,124,Eugene,Harper,19.0,4.0,14.0
124,Yes,Male,Utah,124,125,Louis,Lewis,15.0,4.0,17.0
125,Yes,Female,,125,126,Janice,Watson,18.0,3.0,
126,Yes,Male,Florida,126,127,Shawn,Grant,15.0,3.66666666667,21.0
127,Yes,Female,Texas,127,128,Margaret,Johnston,19.0,2.0,2.0
128,No,Female,Texas,128,129,Laura,Ford,16.7777777778,3.0,18.0
129,Yes,Female,Colorado,129,130,Lillian,Perez,16.25,4.0,19.0
130,No,Male,Pennsylvania,130,131,Jose,Morgan,19.0,2.0,8.0
131,Yes,Male,,131,132,Andrew,Meyer,17.0,2.0,
132,Yes,Male,Connecticut,132,133,Joshua,Lynch,18.0,4.0,7.0
133,No,Male,New York,133,134,Sean,Sanders,16.0,2.0,8.0
134,Yes,Male,Minnesota,134,135,Bruce,Williamson,17.0,3.0,12.3333333333
135,No,Male,Mississippi,135,136,Harry,Reid,,3.0,30.0
136,No,Female,Colorado,136,137,Beverly,Wallace,19.0,3.0,9.0
137,Yes,Female,Washington,137,138,Elizabeth,Ryan,15.0,3.6,3.0
138,No,Male,Florida,138,139,James,Russell,19.0,2.0,29.0
139,No,Female,,139,140,Judith,Warren,17.0,3.0,31.0
140,Yes,Male,,140,141,Jesse,Woods,16.0,4.0,6.0
141,Yes,Female,Tennessee,141,142,Lori,Alvarez,15.0,4.0,25.0
142,Yes,Female,Minnesota,142,143,Sara,Collins,18.0,3.0,3.0
143,Yes,Male,Georgia,143,144,Nicholas,Graham,18.0,4.0,10.75
144,Yes,Female,Georgia,144,145,Sara,Armstrong,16.0,4.0,7.0
145,Yes,Male,Alaska,145,146,Ernest,Harper,15.0,4.0,32.0
146,Yes,Male,Ohio,146,147,Willie,Fisher,18.0,4.0,7.0
147,No,Male,Minnesota,147,148,Alan,Daniels,17.0,3.0,7.0
148,Yes,Male,Virginia,148,149,Jason,Moreno,17.5,4.0,16.0
149,Yes,Female,District of Columbia,149,150,Rose,Brooks,15.0,4.0,20.5714285714
150,Yes,Male,,150,151,Shawn,Green,18.0,,10.0
151,No,Male,Nevada,151,152,Fred,Henderson,19.0,3.0,20.0
152,Yes,Female,New Jersey,152,153,Evelyn,Watson,18.0,4.0,12.0
153,Yes,Female,Minnesota,153,154,Wanda,Hawkins,16.0,3.8,30.0
154,Yes,Male,New York,154,155,Clarence,Baker,19.0,2.0,12.25
155,No,Male,Kentucky,155,156,Juan,Bradley,19.0,2.0,14.0
156,No,Female,New York,156,157,Anne,Stone,17.0,2.0,15.0
157,Yes,Male,New Mexico,157,158,Raymond,Davis,17.0,4.0,30.0
158,Yes,Female,Texas,158,159,Sharon,Fuller,17.0,2.0,17.8888888889
159,No,Male,Florida,159,160,Raymond,James,15.0,3.0,28.0
160,No,Female,,160,161,Evelyn,Berry,18.0,2.0,25.0
161,Yes,Male,Delaware,161,162,Brandon,Bryant,,,33.0
162,No,Female,Missouri,162,163,Maria,Medina,15.0,3.0,32.0
163,No,Female,Washington,163,164,Pamela,Phillips,17.0,3.0,23.0
164,No,Male,Washington,164,165,Eugene,Weaver,19.0,2.0,30.0
165,Yes,Female,Kansas,165,166,Janet,Martin,17.0,3.0,2.0
166,No,Female,Tennessee,166,167,Angela,Marshall,18.0,3.0,23.0
167,Yes,Female,Nevada,167,168,Tina,Lopez,19.0,3.0,18.3333333333
168,No,Male,District of Columbia,168,169,Matthew,Cox,19.0,2.0,5.0
169,Yes,Female,Alaska,169,170,Louise,Morales,15.0,2.0,3.0
170,Yes,Female,District of Columbia,170,171,Annie,Oliver,18.0,3.5,11.0
171,No,Male,Michigan,171,172,Gregory,Diaz,19.0,2.0,22.0
172,No,Female,Connecticut,172,173,Carolyn,Matthews,16.0,2.0,9.0
173,No,Female,Florida,173,174,Marilyn,Martinez,17.0,3.0,23.0
174,No,Female,Louisiana,174,175,Carolyn,Daniels,18.0,2.0,33.0
175,Yes,Male,Tennessee,175,176,Larry,Ross,17.0,4.0,23.5
176,Yes,Male,Florida,176,177,Brandon,Carpenter,15.0,3.66666666667,18.0
177,Yes,Female,Texas,177,178,Andrea,Fox,17.3043478261,3.19047619048,11.0
178,Yes,Male,California,178,179,Victor,Ferguson,18.0,4.0,15.8666666667
179,No,Female,Florida,179,180,Katherine,Alexander,17.1538461538,3.0,28.0
180,Yes,Male,Virginia,180,181,John,Bailey,17.0,3.44444444444,31.0
181,Yes,Male,Georgia,181,182,Eric,Hill,15.0,4.0,10.75
182,No,Male,Florida,182,183,Randy,Jacobs,18.0,3.0,34.0
183,Yes,Female,Nevada,183,184,Patricia,Welch,19.0,3.0,18.3333333333
184,No,Female,,184,185,Tammy,Flores,,3.0,23.0
185,No,Male,South Carolina,185,186,Mark,Meyer,18.6666666667,3.0,8.0
186,No,Male,,186,187,Brian,Snyder,18.0,2.0,22.0
187,Yes,Male,District of Columbia,187,188,Walter,Brown,15.0,2.0,18.5
188,No,Male,Colorado,188,189,Patrick,Daniels,19.0,3.0,4.0
189,Yes,Female,Louisiana,189,190,Diane,Collins,17.0,4.0,25.0
190,Yes,Female,Kansas,190,191,Irene,Warren,17.0,3.0,12.5
191,Yes,Female,Tennessee,191,192,Janet,Gibson,19.0,4.0,20.6666666667
192,No,Male,Kentucky,192,193,Eugene,Porter,18.0,3.0,23.0
193,Yes,Female,Missouri,193,194,Amy,Sullivan,19.0,3.0,16.5
194,No,Male,Michigan,194,195,George,Rogers,19.0,3.0,15.0
195,Yes,Female,Virginia,195,196,Cheryl,Simmons,17.9333333333,4.0,17.0
196,Yes,Female,,196,197,Maria,Torres,15.0,4.0,6.0
197,Yes,Male,District of Columbia,197,198,Jonathan,Lewis,15.0,2.0,18.5
198,Yes,Male,Virginia,198,199,Jeremy,Dixon,15.0,3.44444444444,34.0
199,No,Male,Texas,199,200,Raymond,Campbell,19.0,3.0,24.0
200,Yes,Female,,200,201,Heather,Foster,15.0,4.0,24.0
201,Yes,Male,Pennsylvania,201,202,Gary,Reid,16.0,3.85714285714,14.0
202,No,Male,District of Columbia,202,203,Peter,Mitchell,19.0,3.0,15.0
203,Yes,Female,Alabama,203,204,Jean,Mendoza,15.0,4.0,6.0
204,No,Female,Texas,204,205,Diane,Rice,15.0,3.0,28.0
205,No,Male,Kansas,205,206,Shawn,Hansen,16.0,3.0,28.0
206,Yes,Female,Texas,206,207,Kathryn,Harris,16.0,4.0,18.0
207,Yes,Male,Georgia,207,208,Jesse,Little,16.0,4.0,5.0
208,Yes,Female,Ohio,208,209,Joan,Ward,19.0,2.0,23.3
209,Yes,Female,District of Columbia,209,210,Frances,Arnold,17.0,3.5,20.5714285714
210,Yes,Female,Virginia,210,211,Maria,Bowman,19.0,4.0,18.7272727273
211,Yes,Female,California,211,212,Robin,Perry,15.0,4.0,2.0
212,Yes,Female,,212,213,Mary,Oliver,18.0,,16.0
213,No,Female,,213,214,Catherine,Graham,,2.0,6.0
214,Yes,Female,Florida,214,215,Bonnie,Harris,16.75,3.55555555556,8.0
215,No,Male,Nevada,215,216,Jeremy,Wood,19.0,2.0,5.0
216,Yes,Female,Arizona,216,217,Joan,Hamilton,15.0,4.0,15.6666666667
217,Yes,Male,Alabama,217,218,Terry,Rogers,17.0,4.0,10.0
218,No,Male,Illinois,218,219,Kenneth,Chapman,16.0,3.0,24.0
219,No,Female,Texas,219,220,Anne,Diaz,16.0,2.0,33.0
220,No,Female,Texas,220,221,Carol,Welch,19.0,3.0,33.0
221,No,Female,Minnesota,221,222,Paula,Clark,19.0,2.0,33.0
222,Yes,Male,Florida,222,223,Gary,Nichols,17.0,3.66666666667,28.0
223,No,Male,,223,224,Jose,Snyder,18.0,2.0,17.0
224,Yes,Female,Pennsylvania,224,225,Catherine,Barnes,16.5555555556,3.71428571429,24.6
225,No,Male,Texas,225,226,Jack,Henry,19.0,2.0,12.0
226,Yes,Male,Montana,226,227,Terry,Thomas,18.0,4.0,14.0
227,Yes,Female,New York,227,228,Melissa,Patterson,17.3333333333,4.0,17.0
228,No,Female,Colorado,228,229,Nancy,Bailey,15.0,2.0,31.0
229,Yes,Female,Louisiana,229,230,Lisa,Knight,16.8571428571,4.0,3.0
230,No,Male,Washington,230,231,Jesse,Medina,17.0,2.0,28.0
231,Yes,Male,South Carolina,231,232,Harry,Holmes,18.0,,13.0
232,Yes,Male,Georgia,232,233,Alan,Gonzales,16.25,4.0,4.0
233,No,Male,California,233,234,Jerry,Webb,18.0,2.0,10.0
234,Yes,Male,Florida,234,235,Juan,Ross,19.0,2.0,18.0769230769
235,Yes,Female,New York,235,236,Amy,Gomez,19.0,3.875,12.0
236,Yes,Male,Illinois,236,237,Patrick,Willis,17.0,3.33333333333,30.0
237,Yes,Male,South Carolina,237,238,Carlos,Wallace,18.0,,33.0
238,No,Female,Idaho,238,239,Brenda,Marshall,,3.0,4.0
239,Yes,Female,Texas,239,240,Gloria,Brooks,16.0,4.0,34.0
240,No,Male,Texas,240,241,Christopher,Morgan,15.0,3.0,34.0
241,No,Female,Texas,241,242,Angela,Wagner,16.0,2.0,11.0
242,Yes,Male,Connecticut,242,243,Andrew,Lopez,17.5,4.0,15.0
243,No,Male,Nevada,243,244,Matthew,Greene,19.0,2.0,5.0
244,No,Male,Massachusetts,244,245,Earl,Lawson,15.0,3.0,26.0
245,No,Male,,245,246,William,Matthews,15.0,2.0,20.0
246,Yes,Male,Idaho,246,247,Victor,Palmer,15.0,3.0,
247,Yes,Male,District of Columbia,247,248,Phillip,Gonzalez,15.0,3.25,18.5
248,No,Female,Florida,248,249,Diana,Jacobs,18.0,2.0,24.0
249,No,Male,Georgia,249,250,Jerry,Sanders,19.0,3.0,6.0
250,No,Female,West Virginia,250,251,Lisa,Owens,16.0,3.0,17.0
251,Yes,Male,California,251,252,Philip,Stone,17.1363636364,4.0,15.8666666667
252,Yes,Male,California,252,253,Frank,Vasquez,15.0,4.0,15.8666666667
253,No,Male,Florida,253,254,Eugene,Scott,17.4,2.0,17.0
254,No,Female,Florida,254,255,Kathy,Lopez,18.0,3.0,24.0
255,Yes,Male,California,255,256,Justin,Wheeler,15.0,4.0,23.0
256,No,Female,North Carolina,256,257,Tina,Schmidt,15.0,3.0,12.0
257,No,Male,Florida,257,258,Ronald,Thomas,15.0,2.0,20.0
258,Yes,Female,District of Columbia,258,259,Michelle,Bradley,16.0,3.5,32.0
259,Yes,Female,Florida,259,260,Andrea,Warren,18.0,3.55555555556,33.0
260,No,Male,Michigan,260,261,Richard,Romero,19.0,2.0,28.0
261,Yes,Female,Texas,261,262,Amanda,Reyes,17.0,4.0,33.0
262,Yes,Male,Kentucky,262,263,Richard,Collins,18.0,2.0,14.6666666667
263,Yes,Male,Illinois,263,264,Kenneth,Olson,19.0,3.33333333333,17.0
264,No,Male,Georgia,264,265,Adam,Perry,17.0,2.0,34.0
265,Yes,Male,,265,266,Carl,Montgomery,,4.0,29.0
266,No,Male,Texas,266,267,Harold,Powell,15.0,2.0,12.0
267,No,Male,Kentucky,267,268,Donald,Little,16.0,2.0,33.0
268,Yes,Female,California,268,269,Amy,Schmidt,16.0,3.42857142857,3.0
269,Yes,Female,California,269,270,Patricia,Hawkins,16.0,3.42857142857,13.4285714286
270,No,Male,District of Columbia,270,271,Raymond,Hill,17.8333333333,3.0,29.0
271,Yes,Female,Louisiana,271,272,Laura,Watson,19.0,3.5,13.0
272,Yes,Male,Minnesota,272,273,Nicholas,Morgan,18.0,3.0,12.3333333333
273,No,Male,Illinois,273,274,Anthony,Franklin,17.1666666667,2.0,9.0
274,Yes,Male,Oregon,274,275,Raymond,Shaw,19.0,2.0,20.0
275,Yes,Female,North Carolina,275,276,Denise,Garza,15.0,4.0,30.0
276,Yes,Male,District of Columbia,276,277,Bobby,Butler,16.25,3.25,14.0
277,Yes,Male,Ohio,277,278,Dennis,Baker,18.5,4.0,3.0
278,No,Female,Virginia,278,279,Brenda,Butler,16.0,3.0,9.0
279,Yes,Female,District of Columbia,279,280,Melissa,Morales,19.0,3.5,30.0
280,No,Female,Florida,280,281,Amy,Franklin,18.0,3.0,32.0
281,Yes,Male,California,281,282,Juan,Hunt,18.0,3.61904761905,8.0
282,Yes,Male,California,282,283,Brian,Gibson,19.0,4.0,17.0
283,No,Female,Florida,283,284,Kathy,Duncan,15.0,3.0,22.0
284,No,Male,Texas,284,285,Steve,Montgomery,15.0,3.0,27.0
285,No,Female,Indiana,285,286,Amy,King,15.0,3.0,18.0
286,No,Female,Georgia,286,287,Christine,Freeman,15.0,3.0,17.0
287,No,Male,California,287,288,Sean,Stephens,18.0,2.0,8.0
288,No,Female,,288,289,Pamela,Hill,,2.0,25.0
289,No,Male,Arizona,289,290,Patrick,Gonzalez,17.0,2.0,31.0
290,Yes,Male,Texas,290,291,Matthew,Sullivan,16.0,2.0,12.8571428571
291,Yes,Male,,291,292,Joseph,Kelley,,3.0,
292,Yes,Male,Colorado,292,293,Anthony,Roberts,17.0,2.0,20.6666666667
293,Yes,Male,Louisiana,293,294,Andrew,Marshall,17.0,4.0,32.0
294,No,Female,Washington,294,295,Pamela,Armstrong,17.0,3.0,11.0
295,Yes,Female,Texas,295,296,Julia,Carr,17.0,4.0,17.8888888889
296,No,Male,Florida,296,297,Ernest,Day,15.0,3.0,17.0
297,Yes,Female,Florida,297,298,Marie,Ford,16.75,3.0,18.4166666667
298,Yes,Male,District of Columbia,298,299,Clarence,Medina,18.0,4.0,18.5
299,No,Female,California,299,300,Maria,King,17.8461538462,2.0,8.0
300,Yes,Female,Florida,300,301,Evelyn,Robertson,15.0,3.55555555556,2.0
301,Yes,Male,Kentucky,301,302,Mark,Frazier,16.3333333333,2.0,3.0
302,No,Female,Colorado,302,303,Lillian,Knight,15.0,3.0,27.0
303,No,Male,Florida,303,304,George,Arnold,17.0,3.0,32.0
304,No,Female,Indiana,304,305,Frances,Parker,15.7142857143,3.0,34.0
305,Yes,Male,Texas,305,306,David,Thompson,17.0,4.0,4.0
306,Yes,Male,Virginia,306,307,Wayne,Diaz,17.0,4.0,7.0
307,Yes,Male,West Virginia,307,308,Lawrence,Bradley,19.0,4.0,25.0
308,No,Female,Florida,308,309,Patricia,Hayes,19.0,2.0,25.0
309,Yes,Female,South Carolina,309,310,Helen,Jordan,18.0,3.0,14.0
310,Yes,Female,Louisiana,310,311,Stephanie,Moreno,19.0,4.0,16.0
311,No,Female,New York,311,312,Emily,Edwards,17.2,2.0,13.0
312,No,Female,New York,312,313,Virginia,Howard,19.0,3.0,15.0
313,Yes,Male,Indiana,313,314,Anthony,Hart,18.0,4.0,14.125
314,Yes,Female,,314,315,Jacqueline,Gomez,16.0,,33.0
315,Yes,Female,California,315,316,Gloria,Hunter,16.8333333333,2.0,3.0
316,Yes,Male,,316,317,Timothy,Gardner,18.0,4.0,18.0
317,Yes,Male,California,317,318,Gregory,Hunt,17.1363636364,4.0,10.0
318,Yes,Female,Arizona,318,319,Cynthia,Brown,16.6666666667,4.0,30.0
319,Yes,Male,North Carolina,319,320,Nicholas,Campbell,16.0,4.0,4.0
320,Yes,Male,Vermont,320,321,Steve,Garcia,17.0,3.0,14.0
321,Yes,Female,Virginia,321,322,Catherine,Hanson,18.0,4.0,29.0
322,No,Female,New York,322,323,Jennifer,Gonzales,17.0,3.0,23.0
323,No,Female,New York,323,324,Judy,Reyes,16.0,3.0,29.0
324,No,Male,Minnesota,324,325,Scott,Stone,16.0,3.0,5.0
325,No,Male,Texas,325,326,Ryan,Reed,18.0,2.0,8.0
326,Yes,Male,Virginia,326,327,Randy,Mason,17.5,4.0,31.0
327,Yes,Male,North Carolina,327,328,Victor,Day,16.0,4.0,4.0
328,Yes,Female,Delaware,328,329,Karen,Vasquez,15.0,4.0,23.0
329,Yes,Male,Michigan,329,330,Gary,Medina,15.0,3.0,20.6666666667
330,Yes,Female,New York,330,331,Donna,Torres,17.0,3.875,22.1818181818
331,No,Female,,331,332,Doris,Scott,15.0,3.0,34.0
332,No,Female,,332,333,Donna,Hunter,,3.0,32.0
333,No,Female,Alabama,333,334,Linda,Harvey,,2.0,16.0
334,No,Female,Ohio,334,335,Patricia,Chapman,17.0,2.0,23.0
335,Yes,Female,Georgia,335,336,Kimberly,Reynolds,15.0,4.0,14.0
336,Yes,Female,Texas,336,337,Annie,Morgan,16.0,2.0,17.8888888889
337,Yes,Male,,337,338,Jerry,Hanson,15.0,4.0,9.0
338,No,Male,New Mexico,338,339,Jeffrey,Peterson,19.0,2.0,5.0
339,No,Male,Tennessee,339,340,Anthony,Daniels,16.0,2.0,8.0
340,No,Female,Oklahoma,340,341,Anna,Day,18.0,2.0,31.0
341,Yes,Female,Florida,341,342,Debra,Arnold,17.0,3.55555555556,25.0
342,Yes,Female,California,342,343,Judith,Cunningham,15.0,4.0,25.0
343,Yes,Female,Virginia,343,344,Deborah,Reynolds,18.0,4.0,22.0
344,Yes,Female,,344,345,Theresa,Garza,15.0,,
345,Yes,Female,Nevada,345,346,Angela,Sanchez,19.0,4.0,27.0
346,No,Male,Wisconsin,346,347,Timothy,George,,3.0,19.0
347,Yes,Female,North Carolina,347,348,Angela,Jordan,15.0,4.0,23.0
348,Yes,Female,,348,349,Paula,Hunter,,4.0,5.0
349,No,Male,Colorado,349,350,Harold,Evans,17.3333333333,2.0,34.0
350,No,Female,Kentucky,350,351,Sara,Burke,19.0,3.0,27.0
351,Yes,Female,New York,351,352,Nancy,Bryant,18.0,4.0,19.0
352,Yes,Female,,352,353,Anna,Stephens,16.0,4.0,
353,No,Female,California,353,354,Joyce,Bryant,19.0,3.0,30.0
354,No,Female,West Virginia,354,355,Joyce,Baker,17.0,2.0,28.0
355,No,Male,Maryland,355,356,Gary,Fernandez,16.0,3.0,31.0
356,Yes,Male,Washington,356,357,Terry,Anderson,18.0,4.0,6.0
357,No,Male,Oklahoma,357,358,Carlos,Murphy,17.0,2.0,7.0
358,No,Female,Missouri,358,359,Christina,Cox,18.0,2.0,22.0
359,No,Female,,359,360,Bonnie,Morrison,,3.0,23.0
360,Yes,Male,Wisconsin,360,361,Steven,Hansen,18.0,4.0,24.5
361,No,Female,North Carolina,361,362,Sara,Perry,15.5,3.0,17.0
362,Yes,Female,Washington,362,363,Marie,Rice,18.0,4.0,17.6666666667
363,Yes,Male,Pennsylvania,363,364,Christopher,Torres,18.0,4.0,25.0
364,Yes,Male,,364,365,Richard,Martin,17.0,,27.0
365,Yes,Male,,365,366,Todd,Hernandez,17.0,,2.0
366,Yes,Female,District of Columbia,366,367,Mary,Patterson,17.0,4.0,13.0
367,Yes,Female,California,367,368,Ann,Davis,16.0,2.0,13.4285714286
368,Yes,Male,Arizona,368,369,David,Lynch,15.0,3.5,13.0
369,Yes,Female,Alabama,369,370,Lisa,Stevens,16.0,2.66666666667,2.0
370,No,Female,,370,371,Beverly,Wells,,3.0,30.0
371,Yes,Male,,371,372,Larry,Harper,17.0,4.0,4.0
372,No,Male,Ohio,372,373,Dennis,Fields,16.0,3.0,34.0
373,Yes,Female,South Carolina,373,374,Jessica,Jones,17.0,2.0,3.0
374,Yes,Male,Arizona,374,375,Juan,Hernandez,16.0,3.0,18.0
375,Yes,Male,California,375,376,Antonio,Hart,18.0,4.0,15.8666666667
376,Yes,Female,New Jersey,376,377,Janice,Ellis,18.0,3.0,17.75
377,No,Female,New York,377,378,Kimberly,Morgan,18.0,2.0,32.0
378,No,Female,Texas,378,379,Betty,Robertson,19.0,3.0,29.0
379,No,Female,Oklahoma,379,380,Mildred,Morgan,16.5,2.0,17.0
380,Yes,Female,District of Columbia,380,381,Wanda,Edwards,15.0,3.5,20.5714285714
381,No,Male,Pennsylvania,381,382,Shawn,Little,19.0,3.0,10.0
382,Yes,Male,New Mexico,382,383,Louis,Nelson,17.0,4.0,14.0
383,Yes,Female,Illinois,383,384,Teresa,Roberts,16.0,3.33333333333,30.0
384,Yes,Female,Oklahoma,384,385,Judith,Ross,15.0,4.0,6.0
385,Yes,Male,California,385,386,Clarence,Nguyen,17.0,3.61904761905,8.0
386,Yes,Female,,386,387,Lois,Collins,,3.0,
387,Yes,Male,California,387,388,Aaron,Bishop,17.0,4.0,12.0
388,Yes,Male,Virginia,388,389,James,Fields,19.0,2.0,18.1
389,No,Male,Washington,389,390,Raymond,Myers,17.5,2.0,25.0
390,No,Male,Texas,390,391,Brandon,Ferguson,17.0,2.0,23.0
391,Yes,Male,New York,391,392,Russell,Cook,17.25,2.0,12.25
392,Yes,Female,Missouri,392,393,Kathleen,Burton,17.0,3.66666666667,16.5
393,Yes,Male,Texas,393,394,Willie,Shaw,16.0,2.0,12.8571428571
394,Yes,Male,District of Columbia,394,395,Philip,Nichols,19.0,3.25,34.0
395,No,Male,South Carolina,395,396,Steve,Perkins,18.6666666667,2.0,30.0
396,No,Male,Kansas,396,397,Michael,Romero,19.0,3.0,12.0
397,Yes,Male,Michigan,397,398,Roy,Garcia,15.0,3.0,34.0
398,Yes,Female,Tennessee,398,399,Tammy,Fields,18.0,4.0,29.0
399,No,Male,,399,400,Sean,Shaw,18.0,2.0,24.0
400,Yes,Male,California,400,401,David,Ramirez,17.0,2.0,15.8666666667
401,Yes,Male,Pennsylvania,401,402,Richard,Alvarez,16.0,4.0,19.0
402,Yes,Male,Oregon,402,403,Jeffrey,Miller,19.0,4.0,29.0
403,No,Male,Texas,403,404,Edward,Gray,18.0,2.0,30.0
404,No,Male,New York,404,405,Jack,Bell,17.0,2.0,19.0
405,No,Male,Colorado,405,406,Joseph,Mitchell,17.0,3.0,8.0
406,No,Female,Florida,406,407,Phyllis,Bradley,15.0,3.0,21.0
407,No,Female,Texas,407,408,Lori,Stewart,16.0,2.0,26.0
408,Yes,Female,Georgia,408,409,Julie,Richardson,19.0,4.0,6.0
409,Yes,Female,South Carolina,409,410,Cynthia,Stanley,15.0,4.0,17.0
410,Yes,Male,Massachusetts,410,411,Kenneth,Johnston,19.0,4.0,11.0
411,No,Male,California,411,412,Chris,Sims,17.0769230769,2.0,10.0
412,No,Male,Massachusetts,412,413,Brian,Hanson,17.0,2.0,26.0
413,No,Male,New York,413,414,Matthew,Ward,15.0,2.0,29.0
414,Yes,Male,Indiana,414,415,Carl,Mason,19.0,3.5,18.0
415,Yes,Male,Texas,415,416,Richard,Wells,16.4375,2.0,12.8571428571
416,Yes,Female,Nebraska,416,417,Sandra,Daniels,18.0,3.0,13.5
417,Yes,Female,Texas,417,418,Cheryl,Banks,19.0,3.19047619048,6.0
418,Yes,Female,Texas,418,419,Frances,Marshall,19.0,3.19047619048,30.0
419,Yes,Male,Florida,419,420,Gerald,Stevens,19.0,4.0,18.0769230769
420,Yes,Male,California,420,421,Sean,Perez,15.0,4.0,29.0
421,Yes,Male,,421,422,Robert,Flores,18.0,,17.0
422,Yes,Male,,422,423,Daniel,Lee,16.0,4.0,7.0
423,No,Female,,423,424,Marie,Perry,17.0,3.0,13.0
424,No,Female,Nebraska,424,425,Cheryl,Cruz,18.0,2.0,16.0
425,Yes,Female,Ohio,425,426,Julia,Bishop,19.0,3.5,30.0
426,No,Male,South Carolina,426,427,Earl,Bradley,19.0,2.0,10.0
427,Yes,Male,Nevada,427,428,Timothy,Watkins,16.0,4.0,4.0
428,Yes,Male,Louisiana,428,429,James,Olson,15.0,2.0,21.4
429,Yes,Male,,429,430,Gregory,Ramos,16.0,3.0,
430,No,Male,South Carolina,430,431,Terry,Reynolds,19.0,2.0,33.0
431,Yes,Male,Wisconsin,431,432,Terry,Murphy,18.0,4.0,20.0
432,No,Male,New Jersey,432,433,Mark,Cook,15.0,3.0,28.0
433,Yes,Female,New Jersey,433,434,Wanda,Weaver,18.0,4.0,22.0
434,No,Female,Montana,434,435,Denise,Stewart,17.0,2.0,23.0
435,No,Male,Illinois,435,436,Todd,Gutierrez,16.0,2.0,14.0
436,Yes,Female,New York,436,437,Debra,Fernandez,16.0,3.875,30.0
437,No,Male,District of Columbia,437,438,Lawrence,Flores,16.0,3.0,6.0
438,Yes,Male,Kentucky,438,439,Juan,Duncan,16.3333333333,4.0,10.0
439,No,Female,Missouri,439,440,Marie,Stewart,19.0,2.0,12.0
440,No,Female,Massachusetts,440,441,Frances,Harvey,15.0,2.0,12.0
441,Yes,Male,Washington,441,442,Willie,Owens,16.0,4.0,3.0
442,Yes,Female,,442,443,Katherine,Fields,17.0,4.0,34.0
443,No,Male,Texas,443,444,Donald,Jackson,15.0,3.0,18.0
444,Yes,Male,Pennsylvania,444,445,Daniel,Young,16.0,4.0,2.0
445,No,Female,California,445,446,Paula,Weaver,17.8461538462,2.0,7.0
446,Yes,Male,Texas,446,447,Robert,Brooks,15.0,3.1875,7.0
447,No,Female,North Carolina,447,448,Norma,Moore,15.0,3.0,25.0
448,No,Female,Indiana,448,449,Catherine,Meyer,16.0,3.0,34.0
449,No,Female,Nevada,449,450,Melissa,Miller,18.0,3.0,25.0
450,No,Female,Oklahoma,450,451,Amanda,Grant,15.0,3.0,33.0
451,Yes,Male,,451,452,Walter,Meyer,16.0,,13.0
452,No,Female,Wisconsin,452,453,Michelle,Stone,,2.0,23.0
453,Yes,Female,New York,453,454,Ashley,Martin,16.0,3.875,32.0
454,No,Female,Massachusetts,454,455,Paula,Myers,18.0,3.0,22.0
455,No,Male,,455,456,Charles,Mitchell,19.0,3.0,24.0
456,Yes,Female,,456,457,Julia,Jacobs,19.0,4.0,32.0
457,Yes,Female,North Carolina,457,458,Judith,Elliott,16.0,4.0,20.0
458,No,Male,Florida,458,459,Steven,Baker,17.4,2.0,17.0
459,No,Male,South Dakota,459,460,Gregory,Griffin,17.0,3.0,9.0
460,Yes,Female,Florida,460,461,Judith,Wright,18.0,3.55555555556,18.4166666667
461,No,Male,Pennsylvania,461,462,Donald,Banks,19.0,3.0,22.0
462,Yes,Male,Florida,462,463,Lawrence,Lee,17.0833333333,3.66666666667,7.0
463,Yes,Female,Illinois,463,464,Kimberly,Morgan,16.0,3.33333333333,8.0
464,Yes,Male,Indiana,464,465,Patrick,Fields,15.0,3.5,12.0
465,No,Male,Florida,465,466,Aaron,Murphy,18.0,3.0,12.0
466,Yes,Female,Missouri,466,467,Nancy,Adams,17.0,3.0,16.5
467,Yes,Female,Florida,467,468,Virginia,Brown,15.0,3.55555555556,18.4166666667
468,Yes,Female,California,468,469,Mary,Bradley,19.0,4.0,13.4285714286
469,No,Female,North Carolina,469,470,Wanda,Greene,15.5,3.0,15.0
470,No,Female,California,470,471,Judith,Campbell,16.0,3.0,34.0
471,No,Female,Kentucky,471,472,Dorothy,Turner,18.0,3.0,14.0
472,Yes,Female,Florida,472,473,Judy,Phillips,19.0,4.0,18.4166666667
473,Yes,Female,Indiana,473,474,Pamela,Kennedy,16.0,3.33333333333,14.8
474,No,Male,Kentucky,474,475,Brandon,Mendoza,15.0,3.0,31.0
475,No,Male,Arizona,475,476,Aaron,Mitchell,18.0,3.0,24.0
476,No,Male,California,476,477,Jeremy,Stephens,19.0,3.0,19.0
477,Yes,Female,Nebraska,477,478,Mary,Miller,15.0,3.0,13.5
478,Yes,Male,Alabama,478,479,Paul,Gibson,17.0,3.0,20.0
479,No,Male,Florida,479,480,Frank,Gonzalez,18.0,2.0,16.0
480,Yes,Female,Ohio,480,481,Pamela,Grant,18.0,3.5,23.3
481,No,Female,Virginia,481,482,Anne,Dean,16.0,2.0,12.0
482,Yes,Female,West Virginia,482,483,Joyce,Armstrong,18.0,2.0,24.0
483,No,Male,California,483,484,Wayne,Palmer,17.0769230769,3.0,17.0
484,Yes,Female,California,484,485,Amanda,Ross,16.0,4.0,21.0
485,Yes,Male,Alabama,485,486,Andrew,Day,17.0,3.0,30.0
486,Yes,Female,Vermont,486,487,Amanda,Crawford,19.0,4.0,32.0
487,Yes,Male,Maryland,487,488,Matthew,Knight,18.0,4.0,6.0
488,Yes,Female,North Carolina,488,489,Marie,Hawkins,16.0,4.0,13.0
489,No,Female,Indiana,489,490,Deborah,Hill,16.0,3.0,29.0
490,No,Female,Nebraska,490,491,Cheryl,Russell,19.0,3.0,25.0
491,No,Male,Texas,491,492,Martin,Black,15.0,3.0,11.0
492,No,Female,California,492,493,Theresa,Martin,17.8461538462,3.0,16.0
493,No,Female,West Virginia,493,494,Joyce,Peterson,16.5,3.0,10.0
494,Yes,Female,Virginia,494,495,Frances,Cruz,16.0,4.0,9.0
495,Yes,Female,Florida,495,496,Rebecca,Carter,16.75,3.55555555556,32.0
496,Yes,Male,Ohio,496,497,Juan,Robertson,18.5,4.0,5.0
497,Yes,Female,,497,498,Kathryn,Jackson,16.0,,3.0
498,Yes,Female,Pennsylvania,498,499,Mary,Young,15.0,3.71428571429,30.0
499,No,Male,California,499,500,Benjamin,Gibson,17.0769230769,3.0,9.0
500,Yes,Female,Colorado,500,501,Diane,Ellis,16.25,4.0,11.0
501,No,Female,Texas,501,502,Susan,Lewis,16.7777777778,2.0,8.0
502,No,Male,Washington,502,503,Frank,Jacobs,15.0,2.0,23.0
503,Yes,Female,Washington,503,504,Doris,Ortiz,17.0,4.0,19.0
504,Yes,Female,Massachusetts,504,505,Ashley,Sims,18.0,4.0,18.0
505,Yes,Male,Kentucky,505,506,David,Ross,15.0,4.0,14.6666666667
506,Yes,Female,Texas,506,507,Christina,Schmidt,19.0,3.19047619048,13.0
507,Yes,Male,Florida,507,508,Scott,Johnson,17.0,4.0,12.0
508,No,Male,Illinois,508,509,Jerry,Fox,19.0,2.0,14.0
509,No,Male,Texas,509,510,Ryan,Woods,17.0,3.0,18.0
510,Yes,Female,New Jersey,510,511,Nancy,Palmer,17.25,3.75,26.0
511,No,Male,Texas,511,512,Robert,Gomez,16.5263157895,3.0,6.0
512,No,Female,Illinois,512,513,Robin,Bailey,17.0,2.0,18.0
513,Yes,Male,Mississippi,513,514,Kevin,Mitchell,18.0,4.0,
514,No,Male,Louisiana,514,515,Jose,Gordon,15.0,3.0,15.0
515,No,Female,Arizona,515,516,Catherine,Bradley,17.0,2.0,15.0
516,No,Female,Colorado,516,517,Helen,Robertson,18.0,2.0,15.0
517,Yes,Male,Missouri,517,518,Roy,Mccoy,15.0,3.0,15.0
518,Yes,Male,Minnesota,518,519,Jimmy,Hicks,18.0,3.0,2.0
519,No,Male,Illinois,519,520,Justin,Gibson,18.0,2.0,29.0
520,Yes,Female,Wisconsin,520,521,Virginia,Reed,18.0,4.0,30.0
521,Yes,Female,Ohio,521,522,Doris,Collins,19.0,3.5,26.0
522,Yes,Male,Colorado,522,523,Larry,Fernandez,18.0,4.0,20.6666666667
523,Yes,Male,Tennessee,523,524,Andrew,Ross,17.3333333333,3.5,21.0
524,Yes,Male,Minnesota,524,525,Patrick,Harvey,15.0,3.0,27.0
525,Yes,Female,,525,526,Kelly,Franklin,16.0,4.0,34.0
526,No,Male,Missouri,526,527,Terry,Armstrong,18.0,2.0,12.0
527,Yes,Male,District of Columbia,527,528,Louis,Martin,18.0,3.25,16.0
528,Yes,Female,District of Columbia,528,529,Beverly,Medina,16.0,4.0,28.0
529,No,Male,Arizona,529,530,Carl,Rodriguez,15.0,2.0,20.0
530,Yes,Male,New York,530,531,Stephen,Stanley,15.0,2.75,10.0
531,Yes,Male,Texas,531,532,Ernest,Nguyen,15.0,4.0,10.0
532,Yes,Female,Ohio,532,533,Emily,Hamilton,16.0,4.0,25.0
533,Yes,Male,Massachusetts,533,534,Henry,Daniels,18.0,4.0,16.0
534,No,Female,Virginia,534,535,Teresa,Grant,16.0,3.0,16.0
535,No,Female,Missouri,535,536,Alice,Martinez,19.0,2.0,27.0
536,Yes,Male,,536,537,Alan,Campbell,17.0,2.0,3.0
537,No,Male,California,537,538,Henry,Murphy,15.0,2.0,26.0
538,Yes,Male,New Jersey,538,539,Sean,Dean,15.5,4.0,6.0
539,Yes,Female,Texas,539,540,Janice,Gilbert,15.0,2.0,17.8888888889
540,Yes,Female,Arkansas,540,541,Alice,Snyder,15.0,3.0,2.0
541,Yes,Female,Alabama,541,542,Debra,Meyer,16.75,2.0,15.8333333333
542,No,Female,Missouri,542,543,Cynthia,Stewart,15.0,2.0,7.0
543,No,Male,Tennessee,543,544,Phillip,Olson,17.5,3.0,19.0
544,Yes,Male,Texas,544,545,Thomas,Mcdonald,17.0,4.0,8.0
545,Yes,Male,Indiana,545,546,David,Hart,17.0,3.0,14.125
546,No,Male,District of Columbia,546,547,Walter,Lawson,17.0,2.0,28.0
547,No,Female,Texas,547,548,Pamela,Stewart,19.0,2.0,8.0
548,No,Female,Georgia,548,549,Linda,Montgomery,15.0,2.0,27.0
549,Yes,Male,Michigan,549,550,Jesse,Henry,17.0,3.0,20.6666666667
550,Yes,Male,New Mexico,550,551,James,Richards,15.0,4.0,14.0
551,Yes,Male,Florida,551,552,Ryan,Johnston,17.0833333333,4.0,22.0
552,Yes,Female,Florida,552,553,Kathleen,Ford,18.0,4.0,17.0
553,No,Male,Delaware,553,554,Samuel,Young,19.0,3.0,25.0
554,Yes,Male,Virginia,554,555,Albert,Perez,19.0,3.44444444444,6.0
555,Yes,Female,California,555,556,Teresa,Gomez,15.0,4.0,19.0
556,Yes,Male,,556,557,Johnny,Allen,15.0,,21.0
557,Yes,Female,Kentucky,557,558,Louise,James,16.0,2.0,25.0
558,No,Male,Arizona,558,559,Victor,Robinson,19.0,2.0,33.0
559,Yes,Male,Tennessee,559,560,Joshua,Hart,18.0,4.0,21.0
560,Yes,Male,California,560,561,Arthur,Ryan,18.0,3.61904761905,22.0
561,No,Female,Indiana,561,562,Michelle,Kim,15.7142857143,3.0,15.0
562,Yes,Male,North Carolina,562,563,Lawrence,Thompson,16.0,4.0,4.0
563,Yes,Male,Oklahoma,563,564,Roy,Stevens,15.0,2.0,20.0
564,No,Male,Ohio,564,565,Keith,Warren,16.1428571429,3.0,15.0
565,Yes,Male,,565,566,Shawn,Torres,19.0,4.0,
566,Yes,Male,Tennessee,566,567,Jesse,Ortiz,17.3333333333,4.0,21.0
567,No,Male,Ohio,567,568,Raymond,Miller,16.1428571429,2.0,18.0
568,No,Male,Kentucky,568,569,Daniel,Fields,17.0,3.0,23.0
569,No,Female,Massachusetts,569,570,Helen,Day,15.0,2.0,17.0
570,Yes,Female,California,570,571,Bonnie,Jackson,19.0,3.42857142857,28.0
571,Yes,Female,Alabama,571,572,Betty,Anderson,17.0,2.66666666667,29.0
572,Yes,Male,Iowa,572,573,Dennis,Ortiz,16.0,,22.0
573,Yes,Male,Virginia,573,574,Larry,Graham,18.0,3.0,18.1
574,No,Male,Oklahoma,574,575,Russell,Bell,18.0,3.0,11.0
575,Yes,Female,Oregon,575,576,Elizabeth,Hill,17.0,4.0,7.0
576,No,Female,Texas,576,577,Lori,Gordon,16.7777777778,2.0,28.0
577,Yes,Female,,577,578,Michelle,Moore,16.0,,30.0
578,No,Female,Texas,578,579,Beverly,Gordon,17.0,3.0,15.0
579,No,Female,Tennessee,579,580,Kathryn,Brooks,18.0,2.0,9.0
580,Yes,Female,District of Columbia,580,581,Heather,Hawkins,16.0,3.5,21.0
581,Yes,Female,Indiana,581,582,Anna,Pierce,17.0,3.33333333333,18.0
582,No,Female,Kentucky,582,583,Lois,Adams,19.0,3.0,24.0
583,No,Male,Florida,583,584,Ronald,Collins,19.0,3.0,26.0
584,Yes,Male,Texas,584,585,Bruce,Perez,15.0,2.0,12.8571428571
585,Yes,Male,Utah,585,586,Robert,Patterson,16.0,4.0,34.0
586,No,Female,Florida,586,587,Lisa,Medina,15.0,2.0,4.0
587,Yes,Female,Florida,587,588,Judith,Reed,16.75,4.0,4.0
588,Yes,Female,Minnesota,588,589,Carol,Hernandez,19.0,3.8,27.0
589,No,Male,Hawaii,589,590,Timothy,Davis,19.0,2.0,32.0
590,Yes,Male,Arkansas,590,591,Mark,Nguyen,,2.0,
591,Yes,Male,Louisiana,591,592,Arthur,Miller,16.75,3.5,26.0
592,Yes,Male,,592,593,Bruce,Foster,19.0,4.0,13.0
593,No,Male,California,593,594,Walter,Garcia,15.0,2.0,28.0
594,No,Female,Pennsylvania,594,595,Cheryl,Rice,16.0,2.0,4.0
595,Yes,Male,Texas,595,596,Earl,Bennett,16.4375,3.1875,12.8571428571
596,Yes,Male,Virginia,596,597,Carlos,Gray,17.5,4.0,18.1
597,Yes,Female,Florida,597,598,Janet,Franklin,16.75,3.0,18.4166666667
598,Yes,Female,,598,599,Doris,Murray,17.0,4.0,3.0
599,No,Female,,599,600,Amy,Powell,15.0,2.0,31.0
600,Yes,Female,Pennsylvania,600,601,Pamela,Boyd,15.0,4.0,10.0
601,No,Female,Ohio,601,602,Sarah,Butler,17.0,3.0,27.0
602,No,Male,Washington,602,603,Peter,Martin,19.0,3.0,30.0
603,No,Female,,603,604,Jean,Washington,15.0,2.0,19.0
604,Yes,Male,Arizona,604,605,James,Lane,15.0,3.5,30.0
605,Yes,Female,District of Columbia,605,606,Theresa,Simpson,18.0,2.0,20.5714285714
606,Yes,Female,Colorado,606,607,Elizabeth,Miller,16.0,3.0,11.0
607,No,Male,California,607,608,Carlos,Freeman,19.0,3.0,22.0
608,Yes,Female,Alabama,608,609,Rachel,Barnes,19.0,2.66666666667,26.0
609,No,Male,Florida,609,610,Thomas,Ross,17.4,2.0,26.0
610,No,Female,Washington,610,611,Dorothy,Boyd,15.0,2.0,6.0
611,Yes,Female,Florida,611,612,Karen,Torres,17.0,4.0,27.0
612,No,Female,California,612,613,Nancy,Duncan,19.0,3.0,13.0
613,Yes,Male,California,613,614,Jeremy,Rose,17.0,2.0,15.8666666667
614,Yes,Male,Texas,614,615,Johnny,Berry,15.0,2.0,12.8571428571
615,Yes,Male,District of Columbia,615,616,Shawn,George,15.0,3.25,6.0
616,Yes,Male,Florida,616,617,Bobby,Hill,17.0833333333,4.0,27.0
617,Yes,Female,Oregon,617,618,Debra,Robinson,17.0,4.0,30.0
618,Yes,Male,Michigan,618,619,Fred,Sanchez,16.0,3.0,3.0
619,Yes,Male,,619,620,Johnny,Wood,18.0,4.0,
620,Yes,Male,Indiana,620,621,Richard,Murray,17.0,4.0,7.0
621,Yes,Male,West Virginia,621,622,Antonio,Crawford,19.0,4.0,30.0
622,No,Female,Maine,622,623,Catherine,Ross,18.0,2.0,30.0
623,Yes,Male,New Jersey,623,624,Larry,Wagner,15.0,4.0,3.0
624,No,Male,,624,625,Adam,Fernandez,16.0,3.0,29.0
625,No,Female,Ohio,625,626,Anne,Kelley,16.0,2.0,33.0
626,Yes,Male,Indiana,626,627,Nicholas,Washington,18.0,4.0,22.0
627,No,Female,California,627,628,Christina,Roberts,17.0,2.0,4.0
628,No,Female,Texas,628,629,Diana,Ryan,15.0,2.0,14.0
629,Yes,Male,Michigan,629,630,Antonio,King,17.0,3.0,20.6666666667
630,Yes,Female,Wisconsin,630,631,Linda,Matthews,18.0,4.0,2.0
631,Yes,Female,Texas,631,632,Rachel,Collins,19.0,4.0,17.8888888889
632,Yes,Male,Texas,632,633,Bruce,Bell,18.0,4.0,5.0
633,Yes,Female,Indiana,633,634,Amanda,Fisher,17.4,3.33333333333,28.0
634,No,Female,Texas,634,635,Melissa,Cole,18.0,3.0,25.0
635,Yes,Female,Wisconsin,635,636,Lois,Hayes,18.0,4.0,28.0
636,Yes,Female,,636,637,Jennifer,Lopez,16.0,4.0,16.0
637,Yes,Female,Alabama,637,638,Robin,Grant,16.75,2.0,3.0
638,Yes,Female,Oregon,638,639,Katherine,Bishop,19.0,4.0,10.0
639,No,Female,California,639,640,Kathleen,Ramos,17.8461538462,2.0,13.0
640,Yes,Male,Georgia,640,641,Arthur,Sanchez,16.0,4.0,10.75
641,No,Female,New Hampshire,641,642,Ann,Perkins,17.0,3.0,9.0
642,No,Male,Michigan,642,643,Brandon,King,19.0,2.0,6.0
643,Yes,Female,Illinois,643,644,Nicole,Ortiz,18.0,2.0,22.75
644,Yes,Male,Texas,644,645,Sean,Nguyen,19.0,3.1875,24.0
645,No,Female,Texas,645,646,Gloria,Wheeler,16.7777777778,2.0,5.0
646,Yes,Male,,646,647,Phillip,Reid,15.0,4.0,11.0
647,Yes,Male,Minnesota,647,648,Billy,Morrison,19.0,3.0,12.3333333333
648,No,Female,Ohio,648,649,Betty,Mcdonald,17.0,2.0,33.0
649,Yes,Female,,649,650,Shirley,Ortiz,18.0,2.0,
650,Yes,Female,California,650,651,Karen,Simmons,18.0,3.42857142857,7.0
651,Yes,Male,District of Columbia,651,652,Antonio,Taylor,17.0,4.0,29.0
652,Yes,Female,West Virginia,652,653,Janice,Clark,18.0,2.0,24.0
653,Yes,Male,New Jersey,653,654,Stephen,Simpson,16.0,2.0,3.0
654,No,Female,,654,655,Kathleen,Brown,16.0,2.0,9.0
655,No,Male,Illinois,655,656,Phillip,Morales,18.0,2.0,6.0
656,No,Male,,656,657,Joe,Watson,,3.0,16.0
657,Yes,Female,Texas,657,658,Melissa,Harrison,17.3043478261,4.0,24.0
658,No,Male,California,658,659,Carlos,Carpenter,18.0,3.0,4.0
659,Yes,Female,Hawaii,659,660,Theresa,Matthews,,4.0,18.0
660,Yes,Female,Virginia,660,661,Sarah,Crawford,19.0,3.83333333333,34.0
661,Yes,Female,Florida,661,662,Christina,Grant,16.75,3.55555555556,12.0
662,Yes,Female,Illinois,662,663,Carol,Powell,16.2857142857,4.0,31.0
663,No,Male,Missouri,663,664,Eugene,Lewis,16.0,3.0,19.0
664,Yes,Male,Pennsylvania,664,665,Chris,Hunt,16.75,4.0,23.0
665,Yes,Female,West Virginia,665,666,Mildred,Ross,18.0,2.0,24.0
666,Yes,Female,Texas,666,667,Nicole,Hart,17.3043478261,2.0,17.8888888889
667,Yes,Male,Texas,667,668,John,Richards,16.4375,4.0,25.0
668,No,Male,Pennsylvania,668,669,Brandon,Lawson,19.0,3.0,29.0
669,No,Female,New York,669,670,Stephanie,Henry,18.0,2.0,14.0
670,No,Female,,670,671,Janet,Ray,,3.0,19.0
671,Yes,Male,Colorado,671,672,Terry,Gray,18.0,3.33333333333,34.0
672,No,Male,North Carolina,672,673,Antonio,Perez,17.0,2.0,14.0
673,Yes,Female,Ohio,673,674,Donna,Russell,17.3846153846,4.0,23.3
674,No,Female,Indiana,674,675,Theresa,Kennedy,15.0,2.0,31.0
675,Yes,Male,Alabama,675,676,Jack,Morrison,17.0,2.0,20.0
676,Yes,Male,Pennsylvania,676,677,Louis,Rodriguez,16.0,3.0,15.2222222222
677,Yes,Male,Washington,677,678,Gregory,Mccoy,18.0,2.0,4.33333333333
678,No,Female,Florida,678,679,Gloria,Snyder,16.0,3.0,7.0
679,No,Female,,679,680,Phyllis,Wagner,18.0,3.0,12.0
680,No,Female,North Carolina,680,681,Mildred,Fernandez,15.0,2.0,21.0
681,No,Female,Arizona,681,682,Jean,Sullivan,19.0,2.0,9.0
682,No,Female,New York,682,683,Christina,Woods,15.0,2.0,13.0
683,No,Female,Minnesota,683,684,Paula,Webb,16.0,2.0,17.0
684,Yes,Female,Nevada,684,685,Annie,Kennedy,19.0,4.0,24.0
685,Yes,Female,Texas,685,686,Heather,Adams,17.3043478261,3.19047619048,8.0
686,Yes,Female,Virginia,686,687,Katherine,Oliver,17.9333333333,4.0,10.0
687,Yes,Male,Idaho,687,688,Fred,Gonzalez,17.0,4.0,
688,No,Female,Arkansas,688,689,Beverly,Kelley,18.0,2.0,25.0
689,No,Female,Massachusetts,689,690,Evelyn,White,17.0,3.0,33.0
690,No,Male,Indiana,690,691,Arthur,Wood,17.0,3.0,26.0
691,No,Male,Ohio,691,692,Larry,Bennett,15.0,3.0,28.0
692,Yes,Female,North Carolina,692,693,Sharon,Romero,17.0,4.0,25.0
693,No,Female,California,693,694,Michelle,Foster,17.0,3.0,27.0
694,Yes,Male,Arizona,694,695,Philip,Watkins,19.0,3.5,21.0
695,Yes,Male,District of Columbia,695,696,Henry,King,16.25,2.0,18.5
696,No,Male,Texas,696,697,Daniel,Peterson,16.5263157895,3.0,22.0
697,Yes,Male,Kentucky,697,698,Daniel,Bowman,16.0,4.0,31.0
698,No,Female,Colorado,698,699,Martha,Alvarez,16.0,2.0,13.0
699,Yes,Female,Texas,699,700,Kathryn,Medina,19.0,2.0,17.8888888889
700,No,Male,,700,701,John,Patterson,15.0,2.0,4.0
701,Yes,Male,Florida,701,702,Michael,Shaw,18.0,3.66666666667,26.0
702,No,Female,Kentucky,702,703,Janice,Matthews,15.0,3.0,34.0
703,Yes,Male,Michigan,703,704,Chris,Little,16.0,3.0,25.0
704,Yes,Male,Florida,704,705,Martin,Holmes,17.0833333333,4.0,16.0
705,Yes,Female,Ohio,705,706,Debra,Morris,17.3846153846,3.5,19.0
706,Yes,Female,,706,707,Robin,Ryan,15.0,4.0,15.0
707,No,Male,Ohio,707,708,Jason,Richardson,16.0,3.0,19.0
708,Yes,Male,Pennsylvania,708,709,Harry,Williamson,19.0,4.0,13.0
709,Yes,Male,District of Columbia,709,710,Russell,Anderson,17.0,4.0,30.0
710,No,Male,,710,711,Johnny,Chapman,,2.0,12.0
711,Yes,Female,Colorado,711,712,Maria,Stevens,16.0,2.0,3.0
712,Yes,Male,New York,712,713,David,Riley,18.0,2.75,12.25
713,Yes,Male,Pennsylvania,713,714,Bobby,Anderson,16.75,4.0,17.0
714,Yes,Male,Florida,714,715,Stephen,Olson,19.0,3.66666666667,10.0
715,Yes,Female,Washington,715,716,Ann,Coleman,17.0,2.0,17.6666666667
716,Yes,Female,New York,716,717,Diane,Vasquez,15.0,4.0,14.0
717,Yes,Female,Ohio,717,718,Gloria,Hughes,19.0,2.0,23.3
718,No,Female,Ohio,718,719,Cynthia,Garza,18.0,3.0,24.0
719,No,Female,Indiana,719,720,Louise,Edwards,17.0,3.0,31.0
720,No,Female,,720,721,Kimberly,Montgomery,17.0,2.0,20.0
721,No,Male,California,721,722,Brandon,Perry,17.0769230769,3.0,15.0
722,No,Female,North Carolina,722,723,Shirley,Ford,17.0,2.0,34.0
723,Yes,Male,Illinois,723,724,Phillip,Alvarez,16.0,2.0,17.0
724,Yes,Male,New York,724,725,Howard,Lawrence,19.0,4.0,33.0
725,Yes,Female,Pennsylvania,725,726,Stephanie,Johnson,18.0,3.71428571429,24.6
726,No,Female,California,726,727,Sara,Meyer,18.0,2.0,9.0
727,No,Male,District of Columbia,727,728,Keith,Fernandez,19.0,3.0,8.0
728,Yes,Male,Illinois,728,729,Samuel,Allen,16.0,4.0,12.0
729,Yes,Female,New York,729,730,Carol,Burke,15.0,3.875,29.0
730,Yes,Female,Illinois,730,731,Martha,Gordon,15.0,3.33333333333,22.0
731,Yes,Female,,731,732,Katherine,Fox,17.0,4.0,
732,Yes,Female,Missouri,732,733,Stephanie,Graham,17.0,3.66666666667,8.0
733,Yes,Male,Kansas,733,734,Roger,Snyder,18.0,4.0,21.0
734,No,Male,Ohio,734,735,Mark,Bishop,15.0,2.0,11.0
735,Yes,Female,,735,736,Pamela,Wilson,19.0,,20.0
736,Yes,Male,Florida,736,737,Philip,Perkins,17.0833333333,4.0,18.0769230769
737,Yes,Male,Colorado,737,738,Clarence,Stevens,18.0,3.33333333333,14.0
738,Yes,Male,Iowa,738,739,Robert,Larson,18.0,,3.0
739,No,Male,,739,740,Bruce,Howard,,2.0,20.0
740,Yes,Female,Missouri,740,741,Karen,Turner,16.0,4.0,28.0
741,No,Male,Missouri,741,742,Thomas,Baker,15.0,2.0,20.0
742,Yes,Male,California,742,743,Thomas,Hayes,17.1363636364,4.0,5.0
743,No,Male,Arizona,743,744,Larry,Butler,16.0,3.0,28.0
744,Yes,Female,California,744,745,Anne,Butler,17.0,3.42857142857,33.0
745,No,Male,,745,746,Henry,Peters,19.0,2.0,14.0
746,Yes,Male,California,746,747,Patrick,Brooks,19.0,3.0,15.8666666667
747,Yes,Male,California,747,748,Eugene,Brooks,16.0,4.0,13.0
748,Yes,Female,Virginia,748,749,Melissa,King,18.0,3.83333333333,34.0
749,Yes,Female,New York,749,750,Margaret,Black,18.0,4.0,22.1818181818
750,No,Female,Florida,750,751,Kimberly,Day,19.0,2.0,6.0
751,Yes,Female,New York,751,752,Joyce,Matthews,17.3333333333,4.0,27.0
752,Yes,Female,Texas,752,753,Julia,Hawkins,17.0,4.0,7.0
753,Yes,Female,Michigan,753,754,Michelle,Gonzalez,17.0,4.0,18.0
754,Yes,Female,Minnesota,754,755,Jessica,Elliott,16.4285714286,4.0,28.0
755,Yes,Female,,755,756,Joyce,Murphy,,4.0,5.0
756,No,Male,,756,757,Joe,Howell,15.0,2.0,20.0
757,Yes,Male,Oregon,757,758,Steven,George,16.0,3.0,11.0
758,Yes,Male,California,758,759,George,Gomez,19.0,4.0,2.0
759,Yes,Female,South Carolina,759,760,Annie,Hamilton,15.0,3.4,13.0
760,No,Male,Georgia,760,761,Michael,James,17.0,2.0,33.0
761,No,Male,,761,762,Jimmy,Holmes,17.0,3.0,26.0
762,No,Female,California,762,763,Helen,Mcdonald,18.0,2.0,15.0
763,Yes,Female,,763,764,Diane,Freeman,,2.0,
764,Yes,Female,Pennsylvania,764,765,Lois,Peters,19.0,4.0,31.0
765,Yes,Female,Texas,765,766,Brenda,Martin,16.0,3.19047619048,17.8888888889
766,Yes,Female,Virginia,766,767,Christina,Daniels,19.0,3.83333333333,18.7272727273
767,No,Female,Hawaii,767,768,Betty,Rose,17.0,3.0,6.0
768,Yes,Female,Virginia,768,769,Beverly,Burns,17.9333333333,4.0,8.0
769,No,Male,,769,770,Wayne,Brooks,,3.0,30.0
770,Yes,Male,District of Columbia,770,771,Ralph,Watkins,15.0,3.25,17.0
771,Yes,Male,Tennessee,771,772,Gerald,James,17.0,2.0,23.5
772,Yes,Female,Texas,772,773,Nicole,Ramos,16.0,3.19047619048,12.0
773,No,Female,,773,774,Mildred,Williamson,16.0,2.0,27.0
774,No,Male,Tennessee,774,775,Jerry,Hart,19.0,2.0,34.0
775,Yes,Male,Wisconsin,775,776,Russell,Scott,19.0,4.0,29.0
776,Yes,Female,Pennsylvania,776,777,Louise,Lane,17.0,4.0,34.0
777,No,Female,Texas,777,778,Donna,Ramirez,16.0,3.0,6.0
778,No,Male,Texas,778,779,Frank,Miller,16.5263157895,2.0,13.0
779,Yes,Female,Minnesota,779,780,Kimberly,Gordon,15.0,3.8,18.5
780,No,Female,New York,780,781,Lois,Hansen,17.0,2.0,12.0
781,No,Male,California,781,782,Alan,Pierce,18.0,3.0,20.0
782,No,Female,New York,782,783,Debra,Smith,17.0,2.0,5.0
783,No,Female,California,783,784,Jennifer,Armstrong,17.0,3.0,26.0
784,No,Male,Florida,784,785,Douglas,Fernandez,19.0,3.0,27.0
785,Yes,Female,Michigan,785,786,Judith,Alvarez,15.0,4.0,15.0
786,Yes,Male,Virginia,786,787,Roy,Owens,17.5,4.0,19.0
787,Yes,Female,Illinois,787,788,Doris,Long,16.0,4.0,22.75
788,Yes,Female,Missouri,788,789,Diana,Hill,19.0,3.66666666667,16.5
789,No,Female,Texas,789,790,Carolyn,Kelley,17.0,2.0,19.0
790,No,Male,Alaska,790,791,Wayne,Rogers,,3.0,16.0
791,Yes,Female,,791,792,Lisa,Romero,17.0,3.0,2.0
792,Yes,Male,Massachusetts,792,793,Ryan,Walker,16.0,4.0,13.5
793,Yes,Female,Texas,793,794,Rose,Ward,19.0,4.0,27.0
794,No,Male,Alabama,794,795,Gary,Baker,19.0,3.0,31.0
795,Yes,Female,Tennessee,795,796,Lillian,Fields,19.0,4.0,8.0
796,Yes,Female,Alaska,796,797,Kelly,Lopez,15.0,2.0,3.0
797,No,Male,Minnesota,797,798,Christopher,Butler,17.0,2.0,31.0
798,Yes,Female,Virginia,798,799,Mildred,Gray,19.0,3.83333333333,18.7272727273
799,No,Female,Indiana,799,800,Carol,Ward,16.0,2.0,33.0
800,Yes,Male,California,800,801,Justin,Clark,17.1363636364,4.0,9.0
801,No,Female,Ohio,801,802,Angela,Crawford,17.0,3.0,4.0
802,No,Male,Texas,802,803,Clarence,Robinson,15.0,3.0,18.0
803,Yes,Male,Nevada,803,804,Jack,Peters,15.0,3.0,2.0
804,Yes,Female,Pennsylvania,804,805,Julia,Lee,15.0,4.0,24.6
805,Yes,Male,Georgia,805,806,Adam,Chapman,16.25,4.0,18.0
806,Yes,Female,California,806,807,Jean,Davis,16.0,4.0,3.0
807,Yes,Male,California,807,808,Ernest,Davis,17.0,3.61904761905,15.8666666667
808,Yes,Male,Washington,808,809,Anthony,Ross,19.0,4.0,4.0
809,No,Male,Pennsylvania,809,810,Jeffrey,Berry,15.0,2.0,26.0
810,Yes,Female,Hawaii,810,811,Jacqueline,Cunningham,,4.0,31.0
811,Yes,Female,Florida,811,812,Angela,Banks,19.0,2.0,18.4166666667
812,Yes,Female,Oklahoma,812,813,Amy,Ortiz,18.0,4.0,4.0
813,Yes,Female,,813,814,Angela,Morrison,16.0,4.0,7.0
814,No,Male,California,814,815,Gary,Matthews,18.0,3.0,4.0
815,Yes,Female,Texas,815,816,Heather,Lynch,18.0,2.0,17.8888888889
816,No,Female,Florida,816,817,Phyllis,Edwards,17.1538461538,3.0,17.0
817,No,Female,,817,818,Sarah,Lawson,16.0,2.0,20.0
818,No,Male,Texas,818,819,Andrew,Reyes,15.0,2.0,15.0
819,No,Female,Florida,819,820,Deborah,Lawson,16.0,2.0,14.0
820,No,Male,,820,821,Paul,Stevens,18.0,3.0,14.0
821,No,Female,Indiana,821,822,Nancy,Oliver,15.0,2.0,19.0
822,Yes,Male,Indiana,822,823,Dennis,Carpenter,17.0,3.5,7.0
823,Yes,Male,Texas,823,824,Patrick,Ross,17.0,4.0,26.0
824,Yes,Male,,824,825,Gary,Holmes,17.0,,
825,No,Female,,825,826,Kimberly,Torres,,3.0,32.0
826,Yes,Female,,826,827,Amy,Miller,18.0,,31.0
827,Yes,Female,South Carolina,827,828,Ruth,Parker,16.6,4.0,4.0
828,Yes,Male,Vermont,828,829,Juan,Collins,17.0,4.0,14.0
829,Yes,Female,Texas,829,830,Mary,Mason,19.0,4.0,19.0
830,No,Female,New Jersey,830,831,Kathryn,Alexander,19.0,2.0,17.0
831,No,Male,,831,832,Kenneth,Moreno,19.0,2.0,14.0
832,No,Female,Texas,832,833,Mildred,Welch,15.0,3.0,15.0
833,Yes,Male,Utah,833,834,Louis,Riley,16.3333333333,4.0,21.3333333333
834,No,Male,Texas,834,835,Roy,Butler,19.0,3.0,18.0
835,Yes,Female,Indiana,835,836,Diane,Pierce,17.0,3.0,2.0
836,Yes,Male,Ohio,836,837,Randy,Mendoza,18.5,4.0,11.0
837,Yes,Female,Texas,837,838,Irene,Cole,16.0,4.0,23.0
838,Yes,Male,Illinois,838,839,James,Myers,18.0,4.0,9.0
839,No,Female,Pennsylvania,839,840,Barbara,Turner,17.0,2.0,32.0
840,Yes,Female,Ohio,840,841,Andrea,Duncan,18.0,4.0,24.0
841,No,Female,,841,842,Tammy,Stone,15.0,3.0,4.0
842,Yes,Female,,842,843,Cheryl,Harvey,,4.0,4.0
843,Yes,Female,Kansas,843,844,Gloria,Ramos,16.0,4.0,23.0
844,No,Female,District of Columbia,844,845,Julia,White,15.0,3.0,11.0
845,Yes,Male,California,845,846,Alan,Crawford,17.0,4.0,15.8666666667
846,No,Female,,846,847,Rachel,Lee,19.0,3.0,27.0
847,Yes,Female,Colorado,847,848,Laura,Mitchell,18.0,4.0,11.0
848,No,Female,New York,848,849,Christina,Moore,19.0,3.0,22.0
849,Yes,Female,Michigan,849,850,Marie,Wood,16.5,3.5,27.0
850,No,Female,Missouri,850,851,Jean,Gonzalez,17.0,3.0,23.0
851,Yes,Female,California,851,852,Gloria,Edwards,18.0,4.0,13.4285714286
852,Yes,Female,New York,852,853,Kathy,Bailey,19.0,3.0,22.1818181818
853,Yes,Female,,853,854,Heather,Owens,15.0,,
854,Yes,Female,Kentucky,854,855,Ruth,Carroll,17.5,2.0,14.0
855,Yes,Male,Pennsylvania,855,856,Jimmy,Bryant,16.0,3.85714285714,4.0
856,No,Male,California,856,857,Thomas,Tucker,17.0769230769,3.0,8.0
857,Yes,Female,Michigan,857,858,Janet,Murphy,17.0,3.5,6.0
858,Yes,Female,Connecticut,858,859,Angela,Kelly,15.0,4.0,32.0
859,No,Male,Illinois,859,860,Douglas,Burke,16.0,3.0,8.0
860,Yes,Male,,860,861,Justin,Bennett,15.0,2.0,3.0
861,No,Male,Montana,861,862,Kevin,Robinson,,3.0,25.0
862,Yes,Female,,862,863,Pamela,Hudson,16.0,,
863,No,Female,New York,863,864,Barbara,Mccoy,19.0,3.0,15.0
864,No,Female,Louisiana,864,865,Sara,Garcia,19.0,3.0,21.0
865,Yes,Male,,865,866,John,Fields,,4.0,14.0
866,No,Male,Ohio,866,867,Joe,Franklin,15.0,2.0,15.0
867,Yes,Female,Minnesota,867,868,Ruby,Long,16.4285714286,4.0,4.0
868,Yes,Female,Michigan,868,869,Phyllis,Oliver,17.0,4.0,27.0
869,No,Male,Texas,869,870,Patrick,Barnes,17.0,3.0,7.0
870,Yes,Male,,870,871,Joshua,Butler,18.0,4.0,
871,No,Female,Texas,871,872,Janet,Cox,16.7777777778,3.0,9.0
872,No,Male,Alabama,872,873,William,Harris,18.0,3.0,6.0
873,Yes,Female,Minnesota,873,874,Diana,Howard,15.0,3.8,18.5
874,Yes,Male,Florida,874,875,Joe,Hicks,15.0,3.0,18.0769230769
875,Yes,Female,Alabama,875,876,Amy,Walker,16.75,2.66666666667,29.0
876,No,Male,Iowa,876,877,Matthew,Brown,19.0,3.0,6.0
877,No,Male,District of Columbia,877,878,Adam,Larson,17.8333333333,3.0,27.0
878,Yes,Male,California,878,879,Victor,Kelley,17.0,3.0,15.8666666667
879,Yes,Female,District of Columbia,879,880,Amanda,Reyes,15.0,3.5,9.0
880,No,Male,Texas,880,881,Aaron,Shaw,15.0,2.0,5.0
881,Yes,Male,California,881,882,Kevin,Campbell,17.0,4.0,28.0
882,No,Female,South Carolina,882,883,Evelyn,Watson,15.0,2.0,14.0
883,No,Female,New York,883,884,Amy,Nguyen,18.0,2.0,30.0
884,No,Female,Colorado,884,885,Betty,Stone,17.0,2.0,31.0
885,Yes,Female,Missouri,885,886,Susan,Spencer,19.0,4.0,17.0
886,Yes,Female,Arizona,886,887,Patricia,Hernandez,19.0,4.0,14.0
887,No,Male,Pennsylvania,887,888,Jesse,Hunter,18.0,2.0,16.0
888,Yes,Male,New York,888,889,Mark,Parker,17.25,4.0,12.25
889,Yes,Female,,889,890,Deborah,Franklin,16.0,4.0,31.0
890,No,Female,District of Columbia,890,891,Sharon,Dixon,19.0,3.0,12.0
891,Yes,Female,Washington,891,892,Ruth,Larson,18.0,4.0,17.6666666667
892,No,Male,Florida,892,893,Gerald,Mendoza,17.0,3.0,7.0
893,Yes,Male,Arizona,893,894,Gregory,Green,15.0,4.0,6.0
894,No,Male,California,894,895,Eric,Greene,15.0,3.0,33.0
895,Yes,Female,Nevada,895,896,Amanda,Anderson,19.0,4.0,4.0
896,Yes,Female,Indiana,896,897,Kathleen,Lane,19.0,4.0,24.0
897,Yes,Male,Minnesota,897,898,Andrew,Murphy,16.0,2.0,12.3333333333
898,No,Female,Maryland,898,899,Andrea,Nichols,17.0,2.0,7.0
899,Yes,Male,Virginia,899,900,Louis,Sims,17.5,3.44444444444,10.0
900,No,Female,Kansas,900,901,Jennifer,Nguyen,17.0,3.0,6.0
901,Yes,Female,Nebraska,901,902,Amy,Bennett,15.0,3.33333333333,6.0
902,No,Female,Florida,902,903,Christina,Hall,18.0,2.0,14.0
903,Yes,Female,Louisiana,903,904,Emily,Griffin,15.0,3.0,16.0
904,No,Male,Pennsylvania,904,905,Dennis,Stephens,17.0,3.0,25.0
905,Yes,Male,Pennsylvania,905,906,Harry,Wells,17.0,3.85714285714,20.0
906,No,Male,,906,907,Michael,Grant,17.0,2.0,27.0
907,Yes,Male,Ohio,907,908,Benjamin,Nguyen,19.0,4.0,6.5
908,No,Female,Pennsylvania,908,909,Ruth,Ortiz,17.0,2.0,8.0
909,No,Female,,909,910,Diane,Austin,,2.0,22.0
910,Yes,Female,California,910,911,Sarah,Perry,16.8333333333,3.42857142857,7.0
911,Yes,Male,Minnesota,911,912,Patrick,Richards,19.0,3.0,12.3333333333
912,No,Female,Indiana,912,913,Melissa,Daniels,15.7142857143,2.0,24.0
913,Yes,Female,Virginia,913,914,Kimberly,Gardner,18.0,4.0,18.7272727273
914,No,Male,Maryland,914,915,Larry,Smith,16.0,3.0,15.0
915,Yes,Female,Texas,915,916,Debra,Warren,15.0,4.0,31.0
916,Yes,Female,Oklahoma,916,917,Beverly,Tucker,19.0,4.0,19.0
917,Yes,Male,Maryland,917,918,Gary,Fernandez,19.0,4.0,5.0
918,Yes,Male,Texas,918,919,Ralph,Perry,15.0,4.0,9.0
919,Yes,Female,Florida,919,920,Patricia,Ellis,16.75,4.0,31.0
920,No,Female,New York,920,921,Kathy,Fernandez,17.2,2.0,21.0
921,No,Female,California,921,922,Rebecca,Duncan,17.8461538462,3.0,31.0
922,Yes,Female,New Jersey,922,923,Angela,Arnold,15.0,4.0,11.0
923,Yes,Female,Indiana,923,924,Tina,Lopez,18.0,3.0,2.0
924,No,Female,New York,924,925,Diane,Griffin,16.0,2.0,16.0
925,Yes,Male,,925,926,Raymond,Hunt,15.0,2.0,
926,No,Female,California,926,927,Shirley,Kelly,15.0,3.0,27.0
927,No,Female,Texas,927,928,Ashley,Ramirez,15.0,3.0,29.0
928,Yes,Male,Wisconsin,928,929,Alan,Davis,17.0,4.0,24.5
929,Yes,Female,Michigan,929,930,Cheryl,Spencer,16.5,2.0,18.6
930,Yes,Female,New Mexico,930,931,Sandra,Hunter,,,10.0
931,No,Female,,931,932,Barbara,Parker,,2.0,13.0
932,No,Female,Texas,932,933,Kimberly,Lynch,18.0,3.0,7.0
933,No,Male,Virginia,933,934,Edward,Meyer,19.0,2.0,28.0
934,Yes,Female,Texas,934,935,Anna,Stone,18.0,4.0,17.0
935,Yes,Male,Virginia,935,936,Roger,Thompson,18.0,2.0,18.1
936,Yes,Male,Minnesota,936,937,Gary,Marshall,18.0,4.0,8.0
937,Yes,Male,New York,937,938,Anthony,Ray,18.0,4.0,4.0
938,No,Female,California,938,939,Ruby,Castillo,19.0,3.0,11.0
939,Yes,Male,Indiana,939,940,Kenneth,Evans,15.0,4.0,24.0
940,Yes,Female,,940,941,Nancy,Peters,,,6.0
941,Yes,Female,Florida,941,942,Andrea,Sanchez,16.75,3.55555555556,18.4166666667
942,Yes,Female,Virginia,942,943,Joan,Fox,15.0,2.0,18.7272727273
943,No,Female,District of Columbia,943,944,Denise,Holmes,17.0,2.0,7.0
944,Yes,Male,Missouri,944,945,Todd,Pierce,19.0,3.5,4.0
945,Yes,Male,Georgia,945,946,Dennis,Lopez,16.25,4.0,10.75
946,Yes,Male,Delaware,946,947,Randy,Myers,,,17.0
947,Yes,Female,Georgia,947,948,Maria,Marshall,18.0,4.0,22.0
948,Yes,Female,California,948,949,Susan,Gonzales,19.0,3.0,13.4285714286
949,No,Female,Nebraska,949,950,Diane,Fox,18.5,2.0,28.0
950,No,Male,South Dakota,950,951,Billy,Gonzales,16.0,3.0,27.0
951,No,Female,North Dakota,951,952,Jean,Carr,16.0,2.0,31.0
952,Yes,Male,Texas,952,953,Jerry,Hanson,18.0,2.0,12.8571428571
953,Yes,Female,Connecticut,953,954,Tammy,Parker,19.0,4.0,33.0
954,Yes,Female,Louisiana,954,955,Kathleen,Grant,15.0,2.0,2.0
955,Yes,Male,,955,956,Anthony,Sanders,17.0,4.0,10.0
956,No,Male,Florida,956,957,Justin,Lawrence,17.4,3.0,13.0
957,Yes,Female,Illinois,957,958,Jacqueline,Day,18.0,3.33333333333,22.75
958,Yes,Male,Texas,958,959,Wayne,Sanchez,18.0,4.0,12.0
959,No,Male,Nevada,959,960,Jerry,Washington,19.0,3.0,30.0
960,No,Female,Utah,960,961,Louise,Brooks,18.0,3.0,26.0
961,Yes,Male,New York,961,962,Dennis,Schmidt,16.0,2.0,2.0
962,Yes,Female,Florida,962,963,Teresa,Olson,15.0,4.0,7.0
963,No,Male,,963,964,Arthur,Hill,17.0,3.0,8.0
964,Yes,Male,,964,965,Craig,Rose,,,10.0
965,No,Female,Minnesota,965,966,Rachel,Hawkins,17.5,3.0,20.0
966,No,Male,Florida,966,967,Edward,Warren,19.0,3.0,15.0
967,Yes,Female,North Carolina,967,968,Teresa,Fisher,15.6666666667,4.0,21.6666666667
968,No,Female,New York,968,969,Jean,Gonzales,17.2,3.0,4.0
969,Yes,Female,,969,970,Susan,Nguyen,18.0,,16.0
970,Yes,Female,Oklahoma,970,971,Michelle,Greene,17.3333333333,4.0,8.0
971,No,Male,Colorado,971,972,Christopher,Stanley,16.0,2.0,29.0
972,Yes,Male,Georgia,972,973,Jeffrey,Mason,16.25,4.0,10.75
973,Yes,Female,,973,974,Phyllis,Smith,,4.0,22.0
974,No,Female,Michigan,974,975,Jessica,Montgomery,18.0,3.0,18.0
975,Yes,Female,California,975,976,Jessica,Wheeler,16.8333333333,2.0,13.4285714286
976,No,Male,Ohio,976,977,Carl,Bryant,17.0,2.0,29.0
977,Yes,Female,New York,977,978,Wanda,Rivera,18.0,4.0,16.0
978,Yes,Female,Delaware,978,979,Betty,Reid,15.0,3.0,3.0
979,Yes,Female,Ohio,979,980,Ruby,Diaz,15.0,4.0,30.0
980,Yes,Male,Texas,980,981,Thomas,Myers,15.0,3.0,2.0
981,No,Female,Texas,981,982,Jane,Sims,19.0,2.0,25.0
982,Yes,Female,,982,983,Laura,Nelson,17.0,2.0,
983,No,Female,Nevada,983,984,Jessica,Gonzales,17.0,3.0,15.0
984,No,Male,California,984,985,Ralph,Freeman,18.0,3.0,31.0
985,Yes,Male,Connecticut,985,986,Jose,Jordan,17.5,4.0,20.0
986,No,Female,California,986,987,Andrea,Banks,19.0,2.0,11.0
987,Yes,Female,Missouri,987,988,Gloria,Ross,17.7142857143,4.0,16.5
988,Yes,Male,Nebraska,988,989,Harry,Carr,16.0,4.0,34.0
989,Yes,Male,District of Columbia,989,990,Anthony,Sanders,15.0,4.0,2.0
990,Yes,Female,California,990,991,Ruby,King,18.0,4.0,14.0
991,Yes,Female,New York,991,992,Deborah,King,19.0,4.0,31.0
992,Yes,Male,Oklahoma,992,993,Arthur,Green,15.0,4.0,20.0
993,No,Male,Ohio,993,994,Earl,Weaver,19.0,2.0,26.0
994,Yes,Male,District of Columbia,994,995,Ralph,Lopez,16.0,4.0,18.5
995,Yes,Male,Louisiana,995,996,Frank,Stone,16.0,4.0,25.0
996,Yes,Female,Minnesota,996,997,Shirley,Garrett,15.0,4.0,18.5
997,Yes,Female,Ohio,997,998,Jane,Rodriguez,17.0,3.5,20.0
998,Yes,Female,California,998,999,Robin,George,19.0,3.42857142857,13.4285714286
999,No,Male,Texas,999,1000,Martin,Fowler,18.0,3.0,19.0
